"Nom_com";"l_codinsee";"lgmt.nb_mut";"lgmt.tot_mut";"lgmt.moy_mut";"lgmt.med_mut";"lgmt.moy_prix_frais";"lgmt.med_prix_frais";"lgmt.moy_prixm2";"lgmt.med_prixm2";"lgmt.moy_prix_fr_m2";"lgmt.med_prix_fr_m2";"App.nb_mut";"App.tot_mut";"App.moy_mut";"App.med_mut";"App.moy_prix_frais";"App.med_prix_frais";"App.moy_prixm2";"App.med_prixm2";"App.moy_prix_fr_m2";"App.med_prix_fr_m2";"Mai.nb_mut";"Mai.tot_mut";"Mai.moy_mut";"Mai.med_mut";"Mai.moy_prix_frais";"Mai.med_prix_frais";"Mai.moy_prixm2";"Mai.med_prixm2";"Mai.moy_prix_fr_m2";"Mai.med_prix_fr_m2"
"Afa";"2A001";"80";"32826855";"410336";"410660";"441111";"441460";"3773";"3724";"4056";"4003";"15";"4027550";"268503";"276000";"288641";"296700";"3858";"3780";"4148";"4064";"65";"28799305";"443066";"440100";"476296";"473108";"3753";"3722";"4035";"4001"
"Aghione";"2B002";"11";"1192985";"108453";"90485";"116587";"97271";"1199";"1124";"1289";"1208";"4";"385485";"96371";"95242";"103599";"102386";"1165";"1302";"1253";"1400";"7";"807500";"115357";"60000";"124009";"64500";"1218";"809";"1310";"869"
"Ajaccio";"2A004";"3472";"813312933";"234249";"197000";"251685";"211775";"3338";"3194";"3586";"3430";"3275";"721641702";"220349";"191000";"236875";"205325";"3279";"3153";"3525";"3390";"167";"83077678";"497471";"364000";"534588";"391300";"4322";"3773";"4644";"4056"
"Alando";"2B005";"1";"41600";"41600";"41600";"44720";"44720";"520";"520";"559";"559";"1";"41600";"41600";"41600";"44720";"44720";"520";"520";"559";"559";NA;NA;NA;NA;NA;NA;NA;NA;NA;NA
"Alata";"2A006";"89";"34324274";"385666";"380698";"414591";"409250";"3554";"3656";"3821";"3930";"7";"1876205";"268029";"161580";"288131";"173698";"3925";"4331";"4219";"4655";"82";"32448069";"395708";"395000";"425386";"424625";"3523";"3653";"3787";"3927"
"Albertacce";"2B007";"6";"279250";"46542";"27000";"50032";"29025";"856";"792";"920";"851";"3";"64250";"21417";"20250";"23023";"21769";"649";"667";"697";"717";"3";"215000";"71667";"50000";"77042";"53750";"1063";"794";"1143";"853"
"Albitreccia";"2A008";"163";"69998628";"429439";"272800";"460612";"293260";"4950";"5000";"5311";"5375";"87";"19202754";"220721";"181800";"237275";"195435";"4724";"4800";"5079";"5160";"72";"49485874";"687304";"608500";"737417";"654138";"5240";"5324";"5624";"5631"
"Aléria";"2B009";"46";"8665736";"188386";"159800";"201897";"171785";"2146";"2346";"2300";"2522";"20";"2641485";"132074";"137500";"141980";"147812";"2047";"2149";"2200";"2311";"24";"5861123";"244213";"251775";"261686";"270658";"2308";"2431";"2474";"2613"
"Algajola";"2B010";"50";"13945491";"278910";"208600";"299398";"224245";"4625";"4574";"4964";"4917";"40";"8542961";"213574";"192119";"229592";"206528";"4416";"4609";"4747";"4955";"8";"4972530";"621566";"487500";"668184";"524062";"5881";"4856";"6322";"5220"
"Altagène";"2A011";"1";"195000";"195000";"195000";"209625";"209625";"1893";"1893";"2035";"2035";"1";"195000";"195000";"195000";"209625";"209625";"1893";"1893";"2035";"2035";NA;NA;NA;NA;NA;NA;NA;NA;NA;NA
"Altiani";"2B012";"7";"256300";"36614";"40000";"39360";"43000";"782";"875";"840";"941";"2";"47500";"23750";"23750";"25531";"25531";"619";"619";"665";"665";"5";"208800";"41760";"40000";"44892";"43000";"847";"889";"910";"956"
"Ampriani";"2B015";"1";"50000";"50000";"50000";"53750";"53750";"833";"833";"896";"896";NA;NA;NA;NA;NA;NA;NA;NA;NA;NA;"1";"50000";"50000";"50000";"53750";"53750";"833";"833";"896";"896"
"Antisanti";"2B016";"11";"1456490";"132408";"169000";"142339";"181675";"1362";"1440";"1464";"1548";"5";"80000";"16000";"17000";"17200";"18275";"535";"643";"576";"691";"6";"1376490";"229415";"212545";"246621";"228486";"2051";"2146";"2205";"2307"
"Appietto";"2A017";"43";"12484730";"290343";"295000";"311723";"317125";"3902";"3485";"4190";"3747";"5";"901790";"180358";"142460";"193885";"153144";"5482";"5727";"5893";"6157";"38";"11582940";"304814";"308000";"327228";"331100";"3694";"3350";"3966";"3516"
"Arbellara";"2A018";"6";"629404";"104901";"109252";"112768";"117446";"1641";"1746";"1765";"1877";"4";"419404";"104851";"109252";"112715";"117446";"1719";"1746";"1848";"1877";"2";"210000";"105000";"105000";"112875";"112875";"1487";"1487";"1598";"1598"
"Arbori";"2A019";"8";"408200";"51025";"42500";"54852";"45688";"910";"714";"978";"768";"3";"216000";"72000";"80000";"77400";"86000";"1171";"1143";"1259";"1229";"5";"192200";"38440";"40000";"41323";"43000";"753";"714";"810";"768"
"Aregno";"2B020";"30";"7964689";"265490";"131925";"285401";"141819";"3298";"2976";"3545";"3200";"21";"2482564";"118217";"118500";"127084";"127388";"2719";"2782";"2923";"2991";"9";"5482125";"609125";"680000";"654809";"731000";"4648";"4928";"4996";"5297"
"Argiusta-Moriccio";"2A021";"6";"266500";"44417";"41000";"47748";"44075";"1468";"1300";"1578";"1398";"6";"266500";"44417";"41000";"47748";"44075";"1468";"1300";"1578";"1398";NA;NA;NA;NA;NA;NA;NA;NA;NA;NA
"Arro";"2A022";"1";"70000";"70000";"70000";"75250";"75250";"972";"972";"1045";"1045";"1";"70000";"70000";"70000";"75250";"75250";"972";"972";"1045";"1045";NA;NA;NA;NA;NA;NA;NA;NA;NA;NA
"Asco";"2B023";"3";"262000";"87333";"120000";"93883";"129000";"1853";"1957";"1992";"2103";NA;NA;NA;NA;NA;NA;NA;NA;NA;NA;"3";"262000";"87333";"120000";"93883";"129000";"1853";"1957";"1992";"2103"
"Aullène";"2A024";"15";"668500";"44567";"43000";"47909";"46225";"657";"614";"706";"660";"6";"124500";"20750";"8000";"22306";"8600";"501";"323";"538";"347";"9";"544000";"60444";"50000";"64978";"53750";"761";"769";"818";"827"
"Avapessa";"2B025";"6";"901000";"150167";"101000";"161429";"108575";"2304";"2436";"2476";"2618";"5";"554000";"110800";"100000";"119110";"107500";"2166";"2371";"2329";"2549";"1";"347000";"347000";"347000";"373025";"373025";"2991";"2991";"3216";"3216"
"Azilone-Ampaza";"2A026";"9";"1381300";"153478";"130000";"164989";"139750";"1895";"1667";"2037";"1792";"1";"60000";"60000";"60000";"64500";"64500";"1667";"1667";"1792";"1792";"8";"1321300";"165162";"175750";"177550";"188931";"1923";"1904";"2067";"2047"
"Azzana";"2A027";"3";"44500";"14833";"10000";"15946";"10750";"525";"688";"564";"739";"1";"10000";"10000";"10000";"10750";"10750";"833";"833";"896";"896";"2";"34500";"17250";"17250";"18544";"18544";"371";"371";"398";"398"
"Balogna";"2A028";"7";"849500";"121357";"87000";"130459";"93525";"1228";"1310";"1320";"1408";"3";"154500";"51500";"66500";"55362";"71488";"868";"831";"933";"894";"4";"695000";"173750";"165000";"186781";"177375";"1498";"1349";"1610";"1450"
"Barbaggio";"2B029";"16";"6025919";"376620";"312000";"404866";"335400";"4002";"3994";"4302";"4294";"5";"686119";"137224";"98750";"147516";"106156";"2867";"2647";"3083";"2846";"11";"5339800";"485436";"361000";"521844";"388075";"4518";"4030";"4857";"4332"
"Barrettali";"2B030";"10";"2155521";"215552";"125000";"231719";"134375";"2479";"2526";"2665";"2716";"1";"90000";"90000";"90000";"96750";"96750";"1500";"1500";"1612";"1612";"9";"2065521";"229502";"150000";"246715";"161250";"2588";"2830";"2782";"3042"
"Bastelica";"2A031";"20";"2325930";"116296";"77500";"125019";"83312";"1315";"1250";"1413";"1344";"2";"258000";"129000";"129000";"138675";"138675";"1784";"1784";"1918";"1918";"18";"2067930";"114885";"77500";"123501";"83312";"1263";"1160";"1357";"1247"
"Bastelicaccia";"2A032";"99";"38240008";"386263";"345000";"414748";"370875";"3824";"3754";"4107";"4035";"26";"4939715";"189989";"170000";"204238";"182750";"3586";"3693";"3855";"3970";"73";"33300293";"456168";"431800";"489723";"464185";"3909";"3770";"4196";"4053"
"Bastia";"2B033";"1603";"282350794";"176139";"149000";"189316";"159971";"2605";"2494";"2800";"2681";"1508";"246382220";"163383";"145000";"175637";"155875";"2531";"2452";"2721";"2635";"90";"34977774";"388642";"353500";"417737";"380012";"3830";"3372";"4117";"3625"
"Belgodère";"2B034";"92";"15434563";"167767";"145673";"180136";"156598";"3411";"3364";"3665";"3617";"56";"7786315";"139041";"143000";"149469";"153725";"3365";"3325";"3618";"3575";"36";"7648248";"212451";"170500";"227840";"183288";"3483";"3427";"3738";"3684"
"Belvédère-Campomoro";"2A035";"13";"8109982";"623845";"424850";"670633";"456714";"6292";"6552";"6764";"7043";"3";"515000";"171667";"180000";"184542";"193500";"4058";"4000";"4363";"4300";"10";"7594982";"759498";"740000";"816461";"795500";"6962";"7067";"7484";"7597"
"Bigorno";"2B036";"2";"486500";"243250";"243250";"261494";"261494";"1864";"1864";"2004";"2004";NA;NA;NA;NA;NA;NA;NA;NA;NA;NA;"2";"486500";"243250";"243250";"261494";"261494";"1864";"1864";"2004";"2004"
"Biguglia";"2B037";"272";"62936006";"231382";"214280";"248702";"230351";"2662";"2630";"2861";"2828";"157";"25440686";"162043";"150600";"174196";"161895";"2429";"2319";"2611";"2493";"114";"37308140";"327264";"310000";"351809";"333250";"2985";"2935";"3209";"3155"
"Bisinchi";"2B039";"4";"450900";"112725";"105950";"121179";"113896";"1672";"1726";"1798";"1855";NA;NA;NA;NA;NA;NA;NA;NA;NA;NA;"4";"450900";"112725";"105950";"121179";"113896";"1672";"1726";"1798";"1855"
"Bocognano";"2A040";"23";"2913620";"126679";"127000";"136180";"136525";"1841";"1858";"1979";"1998";"8";"865920";"108240";"111000";"116358";"119325";"1869";"1888";"2009";"2030";"15";"2047700";"136513";"130000";"146752";"139750";"1827";"1858";"1964";"1998"
"Bonifacio";"2A041";"161";"102311703";"635476";"300000";"682825";"322500";"5718";"4542";"6143";"4883";"85";"18746738";"220550";"200000";"237091";"215000";"3828";"3478";"4115";"3739";"76";"83564965";"1099539";"570650";"1181344";"613449";"7831";"5940";"8412";"6386"
"Borgo";"2B042";"508";"94331894";"185693";"151500";"199195";"161788";"2779";"2801";"2982";"3009";"265";"36287489";"136934";"132000";"147204";"141900";"2633";"2607";"2831";"2803";"234";"56964805";"243439";"240000";"261005";"258000";"2947";"2951";"3161";"3157"
"Brando";"2B043";"89";"28311140";"318103";"230000";"340915";"247250";"4051";"3232";"4349";"3474";"48";"8136299";"169506";"187500";"182219";"201562";"2661";"2844";"2860";"3058";"40";"19909841";"497746";"397500";"533083";"427312";"5769";"4207";"6191";"4523"
"Bustanico";"2B045";"2";"70000";"35000";"35000";"37625";"37625";"718";"718";"771";"771";NA;NA;NA;NA;NA;NA;NA;NA;NA;NA;"2";"70000";"35000";"35000";"37625";"37625";"718";"718";"771";"771"
"Cagnano";"2B046";"6";"575000";"95833";"40000";"103021";"43000";"1513";"1393";"1626";"1497";"2";"50000";"25000";"25000";"26875";"26875";"770";"770";"828";"828";"4";"525000";"131250";"130000";"141094";"139750";"1884";"2118";"2025";"2277"
"Calacuccia";"2B047";"9";"881700";"97967";"91000";"105314";"97825";"1351";"1096";"1452";"1179";"3";"54000";"18000";"15000";"19350";"16125";"447";"608";"481";"654";"6";"827700";"137950";"139000";"148296";"149425";"1802";"1882";"1937";"2023"
"Calcatoggio";"2A048";"82";"19840103";"241952";"166785";"260099";"179294";"4003";"4040";"4304";"4343";"50";"6795745";"135915";"125000";"146109";"134375";"4179";"4199";"4492";"4514";"32";"13044358";"407636";"320058";"438209";"344062";"3729";"3443";"4009";"3701"
"Calenzana";"2B049";"116";"28928964";"249388";"230000";"267906";"247250";"2869";"2978";"3081";"3202";"36";"5710529";"158626";"165000";"170523";"177375";"2459";"2554";"2644";"2745";"79";"23173435";"293335";"310000";"315091";"333250";"3059";"3145";"3285";"3381"
"Calvi";"2B050";"550";"115219318";"209490";"160500";"225145";"172538";"3902";"3833";"4194";"4121";"493";"85964637";"174370";"150500";"187448";"161788";"3827";"3810";"4114";"4095";"55";"28798381";"523607";"359000";"562732";"385925";"4537";"3849";"4876";"4138"
"Cambia";"2B051";"5";"301700";"60340";"52000";"64866";"55900";"955";"714";"1026";"768";"1";"10000";"10000";"10000";"10750";"10750";"714";"714";"768";"768";"4";"291700";"72925";"66000";"78394";"70950";"1015";"809";"1091";"870"
"Campana";"2B052";"1";"36000";"36000";"36000";"38700";"38700";"857";"857";"921";"921";NA;NA;NA;NA;NA;NA;NA;NA;NA;NA;"1";"36000";"36000";"36000";"38700";"38700";"857";"857";"921";"921"
"Campile";"2B054";"12";"975500";"81292";"77500";"87389";"83312";"1422";"1259";"1528";"1354";"5";"357000";"71400";"75000";"76755";"80625";"1142";"952";"1227";"1024";"7";"618500";"88357";"95000";"94984";"102125";"1622";"1450";"1743";"1559"
"Campitello";"2B055";"3";"71000";"23667";"3000";"25442";"3225";"567";"75";"610";"81";"2";"5000";"2500";"2500";"2688";"2688";"65";"65";"70";"70";"1";"66000";"66000";"66000";"70950";"70950";"1571";"1571";"1689";"1689"
"Campo";"2A056";"4";"536800";"134200";"135900";"144265";"146092";"1906";"2210";"2049";"2376";"1";"10000";"10000";"10000";"10750";"10750";"370";"370";"398";"398";"3";"526800";"175600";"160000";"188770";"172000";"2418";"2388";"2599";"2567"
"Canale-di-Verde";"2B057";"16";"2894698";"180919";"199925";"194488";"214919";"2564";"2019";"2756";"2170";"6";"499473";"83246";"57500";"89489";"61812";"1792";"1931";"1926";"2076";"10";"2395225";"239522";"217502";"257487";"233815";"3028";"2302";"3255";"2475"
"Canari";"2B058";"20";"3012410";"150620";"132500";"161917";"142438";"2281";"2073";"2452";"2228";"6";"791925";"131988";"131588";"141887";"141457";"1522";"1572";"1636";"1690";"14";"2220484";"158606";"132500";"170501";"142438";"2607";"2136";"2802";"2297"
"Canavaggia";"2B059";"1";"104500";"104500";"104500";"112338";"112338";"1432";"1432";"1539";"1539";NA;NA;NA;NA;NA;NA;NA;NA;NA;NA;"1";"104500";"104500";"104500";"112338";"112338";"1432";"1432";"1539";"1539"
"Cannelle";"2A060";"2";"130000";"65000";"65000";"69875";"69875";"1181";"1181";"1270";"1270";NA;NA;NA;NA;NA;NA;NA;NA;NA;NA;"2";"130000";"65000";"65000";"69875";"69875";"1181";"1181";"1270";"1270"
"Carbini";"2A061";"6";"778112";"129685";"143000";"139412";"153725";"1612";"1471";"1733";"1581";"2";"286000";"143000";"143000";"153725";"153725";"1409";"1409";"1514";"1514";"4";"492112";"123028";"132500";"132255";"142438";"1714";"1733";"1843";"1863"
"Carbuccia";"2A062";"19";"3293495";"173342";"159995";"186342";"171995";"2000";"1932";"2150";"2077";"2";"175000";"87500";"87500";"94062";"94062";"2054";"2054";"2208";"2208";"17";"3118495";"183441";"170000";"197199";"182750";"1993";"1932";"2143";"2077"
"Carcheto-Brustico";"2B063";"3";"49039";"16346";"9000";"17572";"9675";"189";"164";"203";"176";NA;NA;NA;NA;NA;NA;NA;NA;NA;NA;"3";"49039";"16346";"9000";"17572";"9675";"189";"164";"203";"176"
"Cardo-Torgia";"2A064";"2";"752500";"376250";"376250";"404469";"404469";"2320";"2320";"2494";"2494";NA;NA;NA;NA;NA;NA;NA;NA;NA;NA;"2";"752500";"376250";"376250";"404469";"404469";"2320";"2320";"2494";"2494"
"Cargèse";"2A065";"55";"17160851";"312015";"231850";"335417";"249239";"4652";"4637";"5001";"4985";"20";"3693735";"184687";"185665";"198538";"199590";"3261";"3060";"3506";"3289";"35";"13467117";"384775";"281282";"413633";"302378";"5447";"5124";"5855";"5509"
"Cargiaca";"2A066";"3";"279750";"93250";"39750";"100244";"42731";"1209";"723";"1300";"777";"2";"69750";"34875";"34875";"37491";"37491";"634";"634";"682";"682";"1";"210000";"210000";"210000";"225750";"225750";"2360";"2360";"2537";"2537"
"Carticasi";"2B068";"2";"134900";"67450";"67450";"72509";"72509";"1270";"1270";"1365";"1365";NA;NA;NA;NA;NA;NA;NA;NA;NA;NA;"2";"134900";"67450";"67450";"72509";"72509";"1270";"1270";"1365";"1365"
"Casabianca";"2B069";"2";"54000";"27000";"27000";"29025";"29025";"508";"508";"546";"546";NA;NA;NA;NA;NA;NA;NA;NA;NA;NA;"2";"54000";"27000";"27000";"29025";"29025";"508";"508";"546";"546"
"Casaglione";"2A070";"44";"8929637";"202946";"156185";"218167";"167899";"4085";"4441";"4391";"4774";"36";"5848687";"162464";"154595";"174648";"166190";"4243";"4585";"4561";"4929";"8";"3080950";"385119";"378575";"414003";"406968";"3373";"3162";"3626";"3399"
"Casalabriva";"2A071";"9";"1863945";"207105";"170000";"222638";"182750";"2419";"2375";"2600";"2553";"2";"225000";"112500";"112500";"120938";"120938";"2090";"2090";"2247";"2247";"7";"1638945";"234135";"186910";"251695";"200928";"2513";"2396";"2701";"2576"
"Casalta";"2B072";"1";"55000";"55000";"55000";"59125";"59125";"688";"688";"739";"739";NA;NA;NA;NA;NA;NA;NA;NA;NA;NA;"1";"55000";"55000";"55000";"59125";"59125";"688";"688";"739";"739"
"Casamaccioli";"2B073";"2";"132000";"66000";"66000";"70950";"70950";"1254";"1254";"1348";"1348";"1";"22000";"22000";"22000";"23650";"23650";"733";"733";"788";"788";"1";"110000";"110000";"110000";"118250";"118250";"1774";"1774";"1907";"1907"
"Casanova";"2B074";"8";"1134220";"141778";"125000";"152411";"134375";"1856";"1314";"1995";"1413";"3";"185500";"61833";"52000";"66471";"55900";"1270";"1206";"1366";"1296";"5";"948720";"189744";"150000";"203975";"161250";"2207";"1456";"2373";"1566"
"Castellare-di-Casinca";"2B077";"22";"5401097";"245504";"179000";"263291";"192425";"2295";"2027";"2461";"2179";"6";"482000";"80333";"61500";"86358";"66112";"1337";"1014";"1437";"1090";"16";"4919097";"307444";"318500";"329641";"342388";"2654";"2226";"2846";"2393"
"Castellare-di-Mercurio";"2B078";"2";"197000";"98500";"98500";"105888";"105888";"1278";"1278";"1374";"1374";"1";"27000";"27000";"27000";"29025";"29025";"1038";"1038";"1116";"1116";"1";"170000";"170000";"170000";"182750";"182750";"1518";"1518";"1632";"1632"
"Castello-di-Rostino";"2B079";"11";"1581950";"143814";"150000";"154600";"161250";"1581";"1667";"1699";"1792";"1";"189050";"189050";"189050";"203229";"203229";"2305";"2305";"2478";"2478";"10";"1392900";"139290";"115000";"149737";"123625";"1508";"1567";"1622";"1684"
"Castifao";"2B080";"12";"1368635";"114053";"117500";"122607";"126312";"1912";"1417";"2056";"1523";"4";"405000";"101250";"82500";"108844";"88688";"1675";"1537";"1800";"1652";"8";"963635";"120454";"130818";"129488";"140629";"2031";"1417";"2184";"1523"
"Castineta";"2B082";"3";"510000";"170000";"220000";"182750";"236500";"2226";"1897";"2393";"2039";"1";"230000";"230000";"230000";"247250";"247250";"3067";"3067";"3297";"3297";"2";"280000";"140000";"140000";"150500";"150500";"1805";"1805";"1941";"1941"
"Castirla";"2B083";"4";"700337";"175084";"139568";"188216";"150036";"2030";"1804";"2182";"1939";"1";"81200";"81200";"81200";"87290";"87290";"1476";"1476";"1587";"1587";"3";"619137";"206379";"142500";"221857";"153188";"2215";"2024";"2381";"2176"
"Cateri";"2B084";"9";"2409600";"267733";"201000";"287813";"216075";"3150";"2857";"3386";"3071";"5";"1371400";"274280";"201000";"294851";"216075";"3138";"2857";"3374";"3071";"4";"1038200";"259550";"267500";"279016";"287562";"3164";"3196";"3402";"3435"
"Cauro";"2A085";"62";"20188920";"325628";"291425";"349585";"313282";"3478";"3701";"3734";"3979";"15";"3091112";"206074";"192000";"221530";"206400";"3748";"3825";"4029";"4111";"46";"16860108";"366524";"356000";"393645";"382700";"3393";"3582";"3645";"3851"
"Centuri";"2B086";"8";"2151380";"268922";"212500";"289092";"228438";"3787";"4146";"4071";"4457";NA;NA;NA;NA;NA;NA;NA;NA;NA;NA;"8";"2151380";"268922";"212500";"289092";"228438";"3787";"4146";"4071";"4457"
"Cervione";"2B087";"84";"14447808";"171998";"139500";"184799";"149962";"2165";"2346";"2326";"2521";"50";"5106382";"102128";"107275";"109787";"115321";"1847";"1817";"1985";"1953";"33";"9241426";"280043";"280000";"300948";"301000";"2665";"2733";"2864";"2938"
"Chiatra";"2B088";"11";"2761600";"251055";"214648";"269884";"230747";"3109";"2575";"3342";"2768";"1";"145000";"145000";"145000";"155875";"155875";"1706";"1706";"1834";"1834";"10";"2616600";"261660";"221324";"281284";"237923";"3249";"2640";"3493";"2838"
"Chisa";"2B366";"1";"17400";"17400";"17400";"18705";"18705";"527";"527";"567";"567";NA;NA;NA;NA;NA;NA;NA;NA;NA;NA;"1";"17400";"17400";"17400";"18705";"18705";"527";"527";"567";"567"
"Ciamannacce";"2A089";"6";"343115";"57186";"45000";"61475";"48375";"1290";"1195";"1387";"1285";"3";"108934";"36311";"27934";"39035";"30029";"1274";"724";"1370";"778";"3";"234181";"78060";"100000";"83915";"107500";"1307";"1667";"1405";"1792"
"Coggia";"2A090";"47";"15023918";"319658";"184650";"343632";"198499";"4020";"3158";"4322";"3395";"25";"3243200";"129728";"118080";"139458";"126936";"2637";"2762";"2834";"2970";"22";"11780718";"535487";"417006";"575649";"448281";"5592";"5043";"6012";"5421"
"Cognocoli-Monticchi";"2A091";"3";"254000";"84667";"94000";"91017";"101050";"2008";"1892";"2159";"2034";"2";"114000";"57000";"57000";"61275";"61275";"2067";"2067";"2222";"2222";"1";"140000";"140000";"140000";"150500";"150500";"1892";"1892";"2034";"2034"
"Conca";"2A092";"73";"20101416";"275362";"220000";"295690";"236500";"3831";"3600";"4114";"3870";"35";"5688270";"162522";"159200";"174711";"171140";"3692";"4000";"3969";"4300";"37";"14283146";"386031";"312000";"414520";"335400";"3998";"3498";"4294";"3760"
"Corbara";"2B093";"42";"27538346";"655675";"485450";"704089";"521859";"5558";"5193";"5970";"5582";"9";"1647170";"183019";"178170";"196745";"191533";"2986";"2791";"3210";"3000";"33";"25891176";"784581";"640000";"842455";"656000";"6260";"5417";"6723";"5823"
"Corrano";"2A094";"1";"120000";"120000";"120000";"129000";"129000";"714";"714";"768";"768";NA;NA;NA;NA;NA;NA;NA;NA;NA;NA;"1";"120000";"120000";"120000";"129000";"129000";"714";"714";"768";"768"
"Corscia";"2B095";"10";"642000";"64200";"50000";"69015";"53750";"1031";"807";"1109";"868";"3";"100000";"33333";"20000";"35833";"21500";"800";"900";"860";"968";"7";"542000";"77429";"50000";"83236";"53750";"1130";"714";"1215";"768"
"Corte";"2B096";"225";"29076034";"129227";"115410";"138919";"124066";"2423";"2433";"2604";"2616";"213";"25730514";"120801";"115000";"129861";"123625";"2394";"2424";"2574";"2606";"12";"3345520";"278793";"270000";"299703";"290250";"2926";"2611";"3146";"2807"
"Costa";"2B097";"1";"60000";"60000";"60000";"64500";"64500";"1200";"1200";"1290";"1290";NA;NA;NA;NA;NA;NA;NA;NA;NA;NA;"1";"60000";"60000";"60000";"64500";"64500";"1200";"1200";"1290";"1290"
"Coti-Chiavari";"2A098";"87";"61541088";"707369";"548000";"758360";"589100";"5917";"5331";"6349";"5731";"7";"2332000";"333143";"295000";"358129";"317125";"4775";"4200";"5133";"4515";"80";"59209088";"740114";"570000";"793380";"612750";"6017";"5444";"6456";"5852"
"Cozzano";"2A099";"11";"1012000";"92000";"66000";"98900";"70950";"1179";"870";"1268";"935";"3";"111000";"37000";"27500";"39775";"29562";"1108";"688";"1191";"739";"8";"901000";"112625";"120000";"121072";"129000";"1206";"1310";"1296";"1408"
"Croce";"2B101";"1";"10000";"10000";"10000";"10750";"10750";"120";"120";"130";"130";NA;NA;NA;NA;NA;NA;NA;NA;NA;NA;"1";"10000";"10000";"10000";"10750";"10750";"120";"120";"130";"130"
"Crocicchia";"2B102";"2";"201000";"100500";"100500";"108038";"108038";"1114";"1114";"1198";"1198";NA;NA;NA;NA;NA;NA;NA;NA;NA;NA;"2";"201000";"100500";"100500";"108038";"108038";"1114";"1114";"1198";"1198"
"Cuttoli-Corticchiato";"2A103";"51";"14724180";"288709";"300000";"310363";"322500";"3441";"3119";"3699";"3353";"10";"1401448";"140145";"126700";"150656";"136202";"2859";"2254";"3073";"2423";"41";"13322731";"324945";"362000";"349316";"389150";"3583";"3368";"3852";"3621"
"Eccica-Suarella";"2A104";"23";"8179555";"355633";"361730";"381566";"388860";"3305";"3435";"3546";"3692";"1";"211000";"211000";"211000";"226825";"226825";"1675";"1675";"1800";"1800";"22";"7968555";"362207";"364115";"388600";"391424";"3380";"3440";"3626";"3698"
"Erbajolo";"2B105";"2";"350000";"175000";"175000";"188125";"188125";"1652";"1652";"1776";"1776";NA;NA;NA;NA;NA;NA;NA;NA;NA;NA;"2";"350000";"175000";"175000";"188125";"188125";"1652";"1652";"1776";"1776"
"Ersa";"2B107";"16";"2764576";"172786";"127872";"185745";"137463";"2309";"2438";"2483";"2620";"4";"555745";"138936";"97872";"149356";"105213";"2244";"2224";"2413";"2391";"12";"2208831";"184069";"135000";"197874";"145125";"2331";"2438";"2506";"2620"
"Évisa";"2A108";"15";"1180966";"78731";"50000";"84636";"53750";"1321";"1287";"1421";"1384";"6";"282356";"47059";"47000";"50589";"50525";"1102";"884";"1185";"950";"9";"898610";"99846";"80000";"107334";"86000";"1468";"1600";"1578";"1720"
"Farinole";"2B109";"11";"2723300";"247573";"170000";"266141";"182750";"2788";"2462";"2997";"2646";NA;NA;NA;NA;NA;NA;NA;NA;NA;NA;"11";"2723300";"247573";"170000";"266141";"182750";"2788";"2462";"2997";"2646"
"Favalello";"2B110";"1";"50000";"50000";"50000";"53750";"53750";"455";"455";"489";"489";NA;NA;NA;NA;NA;NA;NA;NA;NA;NA;"1";"50000";"50000";"50000";"53750";"53750";"455";"455";"489";"489"
"Felce";"2B111";"3";"252120";"84040";"111140";"90343";"119476";"966";"1048";"1039";"1127";"1";"111140";"111140";"111140";"119476";"119476";"1048";"1048";"1127";"1127";"2";"140980";"70490";"70490";"75777";"75777";"926";"926";"995";"995"
"Feliceto";"2B112";"9";"1717400";"190822";"110000";"205134";"118250";"2172";"1940";"2335";"2086";"4";"357400";"89350";"85000";"96051";"91375";"1374";"1384";"1477";"1488";"5";"1360000";"272000";"280000";"292400";"301000";"2811";"2523";"3021";"2712"
"Ficaja";"2B113";"3";"385000";"128333";"150000";"137958";"161250";"2150";"2586";"2311";"2780";"1";"150000";"150000";"150000";"161250";"161250";"2586";"2586";"2780";"2780";"2";"235000";"117500";"117500";"126312";"126312";"1932";"1932";"2077";"2077"
"Figari";"2A114";"30";"6682513";"222750";"217500";"239457";"233812";"2854";"2635";"3068";"2832";"8";"759000";"94875";"66000";"101991";"70950";"1638";"1674";"1761";"1799";"22";"5923513";"269251";"285850";"289444";"307289";"3297";"2964";"3544";"3186"
"Foce";"2A115";"6";"1839200";"306533";"230000";"329523";"247250";"2869";"2883";"3084";"3099";NA;NA;NA;NA;NA;NA;NA;NA;NA;NA;"6";"1839200";"306533";"230000";"329523";"247250";"2869";"2883";"3084";"3099"
"Focicchia";"2B116";"3";"350500";"116833";"66500";"125596";"71488";"1445";"1330";"1553";"1430";NA;NA;NA;NA;NA;NA;NA;NA;NA;NA;"3";"350500";"116833";"66500";"125596";"71488";"1445";"1330";"1553";"1430"
"Forciolo";"2A117";"2";"120000";"60000";"60000";"64500";"64500";"1252";"1252";"1346";"1346";"2";"120000";"60000";"60000";"64500";"64500";"1252";"1252";"1346";"1346";NA;NA;NA;NA;NA;NA;NA;NA;NA;NA
"Fozzano";"2A118";"5";"763400";"152680";"80000";"164131";"86000";"1997";"1905";"2147";"2048";"1";"25400";"25400";"25400";"27305";"27305";"1104";"1104";"1187";"1187";"4";"738000";"184500";"187500";"198338";"201562";"2220";"2363";"2387";"2541"
"Frasseto";"2A119";"7";"612000";"87429";"75000";"93986";"80625";"1219";"1127";"1310";"1211";"3";"245000";"81667";"75000";"87792";"80625";"1552";"1442";"1669";"1550";"4";"367000";"91750";"77500";"98631";"83312";"969";"971";"1041";"1044"
"Furiani";"2B120";"149";"37127067";"249175";"245000";"267772";"263375";"2893";"2843";"3109";"3057";"73";"12581859";"172354";"159500";"185281";"171462";"2709";"2795";"2912";"3004";"75";"24478608";"326381";"330000";"350724";"354750";"3091";"2947";"3321";"3168"
"Galéria";"2B121";"14";"4055750";"289696";"175000";"311424";"188125";"2735";"2039";"2940";"2192";"5";"304350";"60870";"33000";"65435";"35475";"1529";"1269";"1644";"1364";"9";"3751400";"416822";"320000";"448084";"344000";"3404";"2078";"3660";"2233"
"Gavignano";"2B122";"6";"366000";"61000";"65000";"65575";"69875";"872";"814";"938";"875";"1";"50000";"50000";"50000";"53750";"53750";"962";"962";"1034";"1034";"5";"316000";"63200";"80000";"67940";"86000";"854";"667";"919";"717"
"Ghisonaccia";"2B123";"109";"20463477";"187738";"161500";"201132";"173612";"2215";"2254";"2375";"2423";"39";"4719634";"121016";"129300";"130092";"138998";"2070";"2055";"2225";"2210";"70";"15743843";"224912";"217500";"240712";"233812";"2295";"2378";"2458";"2556"
"Ghisoni";"2B124";"11";"776440";"70585";"55450";"75879";"59609";"1478";"1364";"1589";"1466";"9";"648500";"72056";"50000";"77460";"53750";"1403";"1262";"1508";"1357";"2";"127940";"63970";"63970";"68768";"68768";"1815";"1815";"1952";"1952"
"Giocatojo";"2B125";"1";"305872";"305872";"305872";"328812";"328812";"2154";"2154";"2316";"2316";NA;NA;NA;NA;NA;NA;NA;NA;NA;NA;"1";"305872";"305872";"305872";"328812";"328812";"2154";"2154";"2316";"2316"
"Giuncaggio";"2B126";"4";"570150";"142538";"139250";"153228";"149694";"1721";"1405";"1851";"1511";NA;NA;NA;NA;NA;NA;NA;NA;NA;NA;"4";"570150";"142538";"139250";"153228";"149694";"1721";"1405";"1851";"1511"
"Giuncheto";"2A127";"3";"600000";"200000";"200000";"215000";"215000";"2885";"2923";"3101";"3142";NA;NA;NA;NA;NA;NA;NA;NA;NA;NA;"3";"600000";"200000";"200000";"215000";"215000";"2885";"2923";"3101";"3142"
"Granace";"2A128";"4";"338600";"84650";"75800";"90999";"81485";"1279";"991";"1375";"1065";"2";"39000";"19500";"19500";"20962";"20962";"717";"717";"770";"770";"2";"299600";"149800";"149800";"161035";"161035";"1841";"1841";"1979";"1979"
"Grossa";"2A129";"1";"90000";"90000";"90000";"96750";"96750";"1800";"1800";"1935";"1935";"1";"90000";"90000";"90000";"96750";"96750";"1800";"1800";"1935";"1935";NA;NA;NA;NA;NA;NA;NA;NA;NA;NA
"Grosseto-Prugna";"2A130";"352";"131590444";"373836";"207500";"401518";"220375";"5003";"4620";"5375";"4967";"202";"33437534";"165532";"144500";"177947";"155338";"4346";"4138";"4672";"4448";"149";"97875910";"656885";"493526";"705403";"530540";"5888";"5156";"6323";"5543"
"Guagno";"2A131";"4";"217000";"54250";"41000";"58319";"44075";"814";"723";"875";"777";"1";"5000";"5000";"5000";"5375";"5375";"333";"333";"358";"358";"3";"212000";"70667";"52000";"75967";"55900";"974";"945";"1047";"1016"
"Guargualé";"2A132";"3";"175000";"58333";"20000";"62708";"21500";"1171";"556";"1258";"597";"2";"35000";"17500";"17500";"18812";"18812";"528";"528";"567";"567";"1";"140000";"140000";"140000";"150500";"150500";"2456";"2456";"2640";"2640"
"Guitera-les-Bains";"2A133";"4";"232000";"58000";"53500";"60975";"57512";"973";"941";"1027";"1012";"2";"107000";"53500";"53500";"57512";"57512";"797";"797";"857";"857";"2";"125000";"62500";"62500";"64437";"64437";"1150";"1150";"1197";"1197"
"Isolaccio-di-Fiumorbo";"2B135";"9";"666010";"74001";"50000";"79551";"53750";"1398";"1000";"1503";"1075";"6";"255500";"42583";"30750";"45777";"33056";"1050";"765";"1129";"822";"3";"410510";"136837";"160000";"147099";"172000";"2094";"2253";"2251";"2422"
"L'Île-Rousse";"2B134";"288";"61170910";"212399";"182000";"228329";"195650";"3852";"3826";"4141";"4113";"279";"54755010";"196255";"176000";"210974";"189200";"3776";"3812";"4059";"4098";"9";"6415900";"712878";"620000";"766344";"666500";"6220";"4171";"6686";"4484"
"La Porta";"2B246";"10";"692175";"69218";"53500";"74409";"57512";"925";"780";"995";"839";"4";"147175";"36794";"23088";"39553";"24819";"612";"539";"658";"579";"6";"545000";"90833";"86500";"97646";"92988";"1134";"1126";"1219";"1211"
"Lama";"2B136";"4";"442000";"110500";"105000";"118788";"112875";"1911";"1939";"2055";"2085";"1";"52000";"52000";"52000";"55900";"55900";"1857";"1857";"1996";"1996";"3";"390000";"130000";"115000";"139750";"123625";"1929";"2021";"2074";"2173"
"Lano";"2B137";"1";"15000";"15000";"15000";"16125";"16125";"625";"625";"672";"672";"1";"15000";"15000";"15000";"16125";"16125";"625";"625";"672";"672";NA;NA;NA;NA;NA;NA;NA;NA;NA;NA
"Lavatoggio";"2B138";"2";"1000000";"500000";"500000";"537500";"537500";"4593";"4593";"4938";"4938";NA;NA;NA;NA;NA;NA;NA;NA;NA;NA;"2";"1000000";"500000";"500000";"537500";"537500";"4593";"4593";"4938";"4938"
"Lecci";"2A139";"191";"148807165";"779095";"387000";"836683";"416025";"6674";"4918";"7168";"5279";"57";"15435216";"270793";"233750";"291103";"251281";"4877";"4605";"5242";"4950";"134";"133371949";"995313";"567210";"1068758";"609751";"7438";"5299";"7987";"5696"
"Lento";"2B140";"7";"360700";"51529";"40000";"55393";"43000";"1002";"522";"1078";"561";"6";"230700";"38450";"32000";"41334";"34400";"808";"461";"869";"495";"1";"130000";"130000";"130000";"139750";"139750";"2167";"2167";"2329";"2329"
"Letia";"2A141";"6";"550500";"91750";"65000";"98631";"69875";"1451";"1528";"1560";"1642";"2";"210000";"105000";"105000";"112875";"112875";"1528";"1528";"1642";"1642";"4";"340500";"85125";"51500";"91509";"55362";"1412";"1264";"1518";"1359"
"Levie";"2A142";"21";"2443524";"116358";"77245";"124425";"83038";"1530";"1400";"1639";"1505";"9";"577299";"64144";"66000";"68955";"70950";"1220";"1221";"1311";"1313";"12";"1866225";"155519";"124002";"166028";"133303";"1762";"1558";"1885";"1675"
"Linguizzetta";"2B143";"85";"9384184";"110402";"75000";"118435";"80625";"2225";"2125";"2389";"2283";"53";"3951634";"74559";"70000";"80151";"75250";"2129";"1971";"2289";"2119";"31";"5267550";"169921";"131000";"182254";"140825";"2372";"2125";"2546";"2283"
"Lopigna";"2A144";"5";"519500";"103900";"92000";"111692";"98900";"1661";"1346";"1785";"1447";"1";"57500";"57500";"57500";"61812";"61812";"1438";"1438";"1545";"1545";"4";"462000";"115500";"106000";"124162";"113950";"1717";"1219";"1846";"1310"
"Loreto-di-Casinca";"2B145";"4";"237600";"59400";"50000";"63855";"53750";"1117";"1090";"1200";"1172";"2";"100000";"50000";"50000";"53750";"53750";"1090";"1090";"1172";"1172";"2";"137600";"68800";"68800";"73960";"73960";"1143";"1143";"1229";"1229"
"Loreto-di-Tallano";"2A146";"1";"15000";"15000";"15000";"16125";"16125";"833";"833";"896";"896";NA;NA;NA;NA;NA;NA;NA;NA;NA;NA;"1";"15000";"15000";"15000";"16125";"16125";"833";"833";"896";"896"
"Lozzi";"2B147";"2";"80000";"40000";"40000";"43000";"43000";"653";"653";"702";"702";"1";"35000";"35000";"35000";"37625";"37625";"1000";"1000";"1075";"1075";"1";"45000";"45000";"45000";"48375";"48375";"306";"306";"329";"329"
"Lucciana";"2B148";"286";"53033476";"185432";"148000";"198850";"159100";"2553";"2500";"2740";"2681";"135";"17567699";"130131";"125800";"139891";"135235";"2401";"2438";"2581";"2621";"150";"35295777";"235305";"220000";"252078";"236500";"2696";"2631";"2890";"2829"
"Lugo-di-Nazza";"2B149";"3";"307000";"102333";"80000";"110008";"86000";"1107";"938";"1190";"1008";"1";"60000";"60000";"60000";"64500";"64500";"938";"938";"1008";"1008";"2";"247000";"123500";"123500";"132762";"132762";"1192";"1192";"1282";"1282"
"Lumio";"2B150";"220";"64206760";"291849";"188460";"313578";"202594";"4853";"4516";"5215";"4855";"167";"31358802";"187777";"160000";"201861";"172000";"4585";"4340";"4929";"4665";"51";"32146158";"630317";"562000";"677591";"604150";"5719";"5036";"6148";"5414"
"Luri";"2B152";"40";"5612400";"140310";"131500";"150571";"141362";"2158";"2232";"2317";"2379";"24";"2777000";"115708";"115000";"124386";"123625";"2296";"2345";"2468";"2521";"16";"2835400";"177212";"210250";"189847";"220769";"1952";"2146";"2092";"2269"
"Manso";"2B153";"3";"278400";"92800";"82400";"99760";"88580";"2204";"2747";"2370";"2953";"1";"82400";"82400";"82400";"88580";"88580";"2747";"2747";"2953";"2953";"2";"196000";"98000";"98000";"105350";"105350";"1933";"1933";"2078";"2078"
"Marignana";"2A154";"10";"622420";"62242";"44000";"66910";"47300";"1063";"1188";"1143";"1277";"4";"245170";"61292";"39050";"65889";"41979";"1354";"1292";"1456";"1389";"6";"377250";"62875";"45000";"67591";"48375";"869";"753";"935";"809"
"Matra";"2B155";"3";"253500";"84500";"83500";"90838";"89762";"1463";"1354";"1573";"1456";NA;NA;NA;NA;NA;NA;NA;NA;NA;NA;"3";"253500";"84500";"83500";"90838";"89762";"1463";"1354";"1573";"1456"
"Mausoléo";"2B156";"1";"110000";"110000";"110000";"118250";"118250";"1667";"1667";"1792";"1792";NA;NA;NA;NA;NA;NA;NA;NA;NA;NA;"1";"110000";"110000";"110000";"118250";"118250";"1667";"1667";"1792";"1792"
"Mazzola";"2B157";"2";"123000";"61500";"61500";"66112";"66112";"1149";"1149";"1235";"1235";NA;NA;NA;NA;NA;NA;NA;NA;NA;NA;"2";"123000";"61500";"61500";"66112";"66112";"1149";"1149";"1235";"1235"
"Meria";"2B159";"11";"2182250";"198386";"236000";"213265";"253700";"2112";"2160";"2270";"2322";"3";"315000";"105000";"120000";"112875";"129000";"1681";"1176";"1807";"1265";"8";"1867250";"233406";"249000";"250912";"267675";"2273";"2201";"2444";"2366"
"Moca-Croce";"2A160";"9";"607370";"67486";"60000";"72547";"64500";"1010";"1031";"1086";"1108";"4";"75000";"18750";"19000";"20156";"20425";"345";"345";"370";"371";"5";"532370";"106474";"100000";"114460";"107500";"1543";"1767";"1658";"1899"
"Moïta";"2B161";"2";"106000";"53000";"53000";"56975";"56975";"1058";"1058";"1137";"1137";NA;NA;NA;NA;NA;NA;NA;NA;NA;NA;"2";"106000";"53000";"53000";"56975";"56975";"1058";"1058";"1137";"1137"
"Moltifao";"2B162";"12";"1720300";"143358";"76500";"154110";"82238";"1578";"1181";"1697";"1269";"6";"314300";"52383";"49150";"56312";"52836";"963";"1049";"1035";"1128";"6";"1406000";"234333";"220000";"251908";"236500";"2194";"2036";"2358";"2189"
"Monacia-d'Aullène";"2A163";"13";"2781812";"213986";"116620";"230034";"125366";"2735";"3079";"2941";"3310";"4";"322500";"80625";"64000";"86672";"68800";"1524";"1146";"1638";"1232";"9";"2459312";"273257";"218490";"293751";"234877";"3274";"3121";"3520";"3355"
"Monacia-d'Orezza";"2B164";"2";"100000";"50000";"50000";"53750";"53750";"746";"746";"802";"802";NA;NA;NA;NA;NA;NA;NA;NA;NA;NA;"2";"100000";"50000";"50000";"53750";"53750";"746";"746";"802";"802"
"Moncale";"2B165";"12";"3103621";"258635";"222500";"278033";"239188";"5534";"4142";"5949";"4453";"5";"910821";"182164";"157260";"195827";"169054";"5583";"3400";"6002";"3655";"7";"2192800";"313257";"291500";"336751";"313362";"5500";"4164";"5912";"4477"
"Monte";"2B166";"11";"1717530";"156139";"142000";"167850";"152650";"1868";"2115";"2008";"2274";"3";"313130";"104377";"130000";"112205";"139750";"1898";"1806";"2040";"1941";"8";"1404400";"175550";"189200";"188716";"203390";"1857";"2150";"1996";"2311"
"Montegrosso";"2B167";"14";"2615220";"186801";"170625";"200812";"183422";"3068";"3361";"3298";"3613";"4";"379910";"94978";"84955";"102101";"91327";"1950";"1701";"2096";"1828";"10";"2235310";"223531";"215000";"240296";"231125";"3515";"3542";"3778";"3807"
"Monticello";"2B168";"103";"42810343";"415634";"280000";"446702";"301000";"4578";"4312";"4920";"4635";"46";"8416260";"182962";"152500";"196684";"163938";"4120";"4148";"4429";"4459";"56";"34264083";"611859";"551500";"657670";"592862";"5007";"4990";"5381";"5365"
"Morosaglia";"2B169";"13";"2098491";"161422";"183291";"172952";"197038";"1798";"1990";"1929";"2140";"4";"140200";"35050";"35000";"37679";"37625";"685";"750";"736";"806";"9";"1958291";"217588";"200000";"233074";"215000";"2292";"2200";"2459";"2365"
"Morsiglia";"2B170";"12";"2413850";"201154";"220000";"216241";"236500";"2810";"2290";"3021";"2462";"4";"520000";"130000";"57500";"139750";"61812";"1873";"990";"2013";"1064";"8";"1893850";"236731";"265000";"254486";"284875";"3278";"2612";"3524";"2808"
"Murato";"2B172";"24";"4146367";"172765";"135500";"185240";"145662";"2222";"1883";"2378";"2024";"11";"1333000";"121182";"125000";"130270";"134375";"1608";"1467";"1729";"1577";"13";"2813367";"216413";"195000";"231753";"209625";"2742";"2438";"2928";"2620"
"Muro";"2B173";"16";"3728435";"233027";"147500";"250504";"158562";"3192";"2754";"3432";"2960";"7";"579425";"82775";"90000";"88983";"96750";"2059";"1875";"2213";"2016";"9";"3149010";"349890";"342010";"376132";"367661";"4074";"4167";"4380";"4479"
"Murzo";"2A174";"4";"585500";"146375";"131000";"157353";"140825";"1948";"2088";"2094";"2245";NA;NA;NA;NA;NA;NA;NA;NA;NA;NA;"4";"585500";"146375";"131000";"157353";"140825";"1948";"2088";"2094";"2245"
"Nessa";"2B175";"5";"921000";"184200";"220000";"198015";"236500";"3324";"2929";"3574";"3148";"1";"150000";"150000";"150000";"161250";"161250";"2174";"2174";"2337";"2337";"4";"771000";"192750";"225000";"207206";"241875";"3612";"3183";"3883";"3422"
"Nocario";"2B176";"2";"17400";"8700";"8700";"9352";"9352";"243";"243";"261";"261";"1";"2400";"2400";"2400";"2580";"2580";"120";"120";"129";"129";"1";"15000";"15000";"15000";"16125";"16125";"366";"366";"393";"393"
"Nonza";"2B178";"6";"1093000";"182167";"155000";"195829";"166625";"2394";"1902";"2573";"2045";"2";"255000";"127500";"127500";"137062";"137062";"1753";"1753";"1884";"1884";"4";"838000";"209500";"225000";"225212";"241875";"2714";"2778";"2918";"2987"
"Novella";"2B180";"2";"320000";"160000";"160000";"172000";"172000";"1820";"1820";"1957";"1957";"1";"30000";"30000";"30000";"32250";"32250";"769";"769";"827";"827";"1";"290000";"290000";"290000";"311750";"311750";"2871";"2871";"3087";"3087"
"Ocana";"2A181";"11";"2598602";"236237";"230000";"253954";"247250";"3036";"2893";"3264";"3110";NA;NA;NA;NA;NA;NA;NA;NA;NA;NA;"11";"2598602";"236237";"230000";"253954";"247250";"3036";"2893";"3264";"3110"
"Occhiatana";"2B182";"8";"1816600";"227075";"140300";"244106";"150822";"2699";"2910";"2901";"3129";NA;NA;NA;NA;NA;NA;NA;NA;NA;NA;"8";"1816600";"227075";"140300";"244106";"150822";"2699";"2910";"2901";"3129"
"Ogliastro";"2B183";"3";"146500";"48833";"52500";"52496";"56438";"1826";"2000";"1962";"2150";"3";"146500";"48833";"52500";"52496";"56438";"1826";"2000";"1962";"2150";NA;NA;NA;NA;NA;NA;NA;NA;NA;NA
"Olcani";"2B184";"1";"120000";"120000";"120000";"129000";"129000";"1846";"1846";"1985";"1985";"1";"120000";"120000";"120000";"129000";"129000";"1846";"1846";"1985";"1985";NA;NA;NA;NA;NA;NA;NA;NA;NA;NA
"Oletta";"2B185";"117";"31933811";"272939";"195000";"293346";"209625";"3182";"3050";"3420";"3279";"60";"8458256";"140971";"139950";"151544";"150446";"2671";"2809";"2871";"3019";"57";"23475555";"411852";"348000";"442612";"374100";"3720";"3661";"3998";"3935"
"Olivese";"2A186";"12";"1164860";"97072";"79470";"104352";"85430";"1515";"1321";"1628";"1420";"5";"375920";"75184";"74200";"80823";"79765";"1486";"1309";"1598";"1407";"7";"788940";"112706";"80000";"121159";"86000";"1535";"1333";"1651";"1433"
"Olmeta-di-Capocorso";"2B187";"3";"317500";"105833";"92500";"113771";"99438";"1985";"1688";"2134";"1814";NA;NA;NA;NA;NA;NA;NA;NA;NA;NA;"3";"317500";"105833";"92500";"113771";"99438";"1985";"1688";"2134";"1814"
"Olmeta-di-Tuda";"2B188";"24";"5720918";"238372";"210000";"255299";"225750";"2696";"2666";"2894";"2866";"6";"756850";"126142";"111300";"135602";"119648";"2014";"2473";"2166";"2659";"18";"4964068";"275782";"260000";"295198";"279500";"2924";"2710";"3137";"2913"
"Olmeto";"2A189";"45";"17759909";"394665";"210620";"424264";"226416";"4108";"3750";"4416";"4031";"17";"2187229";"128661";"120000";"138310";"129000";"2866";"2258";"3081";"2427";"28";"15572680";"556167";"535130";"597880";"575265";"4863";"4770";"5227";"5128"
"Olmi-Cappella";"2B190";"7";"734978";"104997";"100000";"112872";"107500";"1518";"1433";"1632";"1541";"2";"200000";"100000";"100000";"107500";"107500";"1476";"1476";"1587";"1587";"5";"534978";"106996";"86000";"115020";"92450";"1534";"1433";"1649";"1541"
"Olmiccia";"2A191";"2";"690000";"345000";"345000";"370875";"370875";"3070";"3070";"3300";"3300";NA;NA;NA;NA;NA;NA;NA;NA;NA;NA;"2";"690000";"345000";"345000";"370875";"370875";"3070";"3070";"3300";"3300"
"Olmo";"2B192";"2";"312000";"156000";"156000";"167700";"167700";"1993";"1993";"2142";"2142";"1";"87000";"87000";"87000";"93525";"93525";"1642";"1642";"1765";"1765";"1";"225000";"225000";"225000";"241875";"241875";"2344";"2344";"2520";"2520"
"Omessa";"2B193";"15";"1640255";"109350";"90000";"117552";"96750";"1228";"1087";"1320";"1169";"3";"71000";"23667";"23000";"25442";"24725";"577";"471";"620";"507";"12";"1569255";"130771";"111525";"140579";"119889";"1391";"1401";"1495";"1506"
"Ortiporio";"2B195";"7";"607000";"86714";"75000";"93146";"80625";"1215";"1350";"1304";"1451";"1";"3000";"3000";"3000";"3225";"3225";"67";"67";"72";"72";"5";"594000";"118800";"86000";"127710";"92450";"1629";"1667";"1751";"1792"
"Orto";"2A196";"6";"457220";"76203";"65610";"81919";"70531";"1482";"1247";"1593";"1340";"2";"124220";"62110";"62110";"66768";"66768";"1492";"1492";"1603";"1603";"4";"333000";"83250";"76500";"89494";"82238";"1478";"1052";"1588";"1131"
"Osani";"2A197";"3";"775700";"258567";"252000";"277959";"270900";"4476";"2520";"4811";"2709";"1";"20000";"20000";"20000";"21500";"21500";"833";"833";"896";"896";"2";"755700";"377850";"377850";"406189";"406189";"6297";"6297";"6769";"6769"
"Ota";"2A198";"26";"3802050";"146233";"116225";"157200";"124942";"2452";"2134";"2636";"2294";"20";"2008950";"100448";"97500";"107981";"104812";"2247";"2134";"2416";"2294";"6";"1793100";"298850";"275000";"321264";"295625";"3134";"2729";"3369";"2934"
"Palasca";"2B199";"11";"2418423";"219857";"166000";"233905";"170150";"2251";"1889";"2396";"2031";NA;NA;NA;NA;NA;NA;NA;NA;NA;NA;"11";"2418423";"219857";"166000";"233905";"170150";"2251";"1889";"2396";"2031"
"Palneca";"2A200";"3";"140000";"46667";"35000";"50167";"37625";"871";"660";"936";"710";"2";"105000";"52500";"52500";"56438";"56438";"976";"976";"1049";"1049";"1";"35000";"35000";"35000";"37625";"37625";"660";"660";"710";"710"
"Pancheraccia";"2B201";"5";"591000";"118200";"125000";"127065";"134375";"1634";"1389";"1757";"1493";"2";"41000";"20500";"20500";"22038";"22038";"662";"662";"712";"712";"3";"550000";"183333";"200000";"197083";"215000";"2282";"1942";"2453";"2087"
"Parata";"2B202";"1";"1000";"1000";"1000";"1075";"1075";"100";"100";"108";"108";"1";"1000";"1000";"1000";"1075";"1075";"100";"100";"108";"108";NA;NA;NA;NA;NA;NA;NA;NA;NA;NA
"Partinello";"2A203";"6";"777170";"129528";"80000";"139243";"86000";"2168";"2181";"2331";"2344";"3";"233000";"77667";"75000";"83492";"80625";"1716";"1415";"1844";"1521";"3";"544170";"181390";"120000";"194994";"129000";"2620";"2361";"2817";"2538"
"Pastricciola";"2A204";"1";"120000";"120000";"120000";"129000";"129000";"876";"876";"942";"942";NA;NA;NA;NA;NA;NA;NA;NA;NA;NA;"1";"120000";"120000";"120000";"129000";"129000";"876";"876";"942";"942"
"Patrimonio";"2B205";"42";"8556000";"203714";"181700";"218993";"195328";"3655";"3467";"3929";"3727";"20";"3042000";"152100";"146300";"163508";"157272";"4135";"3631";"4445";"3903";"22";"5514000";"250636";"240000";"269434";"258000";"3218";"3345";"3460";"3596"
"Penta-di-Casinca";"2B207";"135";"25793019";"191059";"174000";"205115";"187050";"2335";"2377";"2507";"2556";"54";"7227680";"133846";"130500";"143884";"140288";"2148";"2173";"2309";"2336";"80";"18335339";"229192";"238000";"246062";"255850";"2449";"2520";"2631";"2709"
"Perelli";"2B208";"1";"15000";"15000";"15000";"16125";"16125";"312";"312";"336";"336";NA;NA;NA;NA;NA;NA;NA;NA;NA;NA;"1";"15000";"15000";"15000";"16125";"16125";"312";"312";"336";"336"
"Peri";"2A209";"45";"13790931";"306465";"300000";"329317";"322500";"2967";"2940";"3187";"3161";"1";"170000";"170000";"170000";"182750";"182750";"5667";"5667";"6092";"6092";"43";"13500931";"313975";"310000";"337523";"333250";"2927";"2940";"3146";"3161"
"Pero-Casevecchie";"2B210";"2";"170000";"85000";"85000";"91375";"91375";"1081";"1081";"1162";"1162";"1";"70000";"70000";"70000";"75250";"75250";"972";"972";"1045";"1045";"1";"100000";"100000";"100000";"107500";"107500";"1190";"1190";"1280";"1280"
"Petreto-Bicchisano";"2A211";"20";"4143877";"207194";"197500";"222233";"209410";"2658";"2777";"2847";"2986";"3";"195540";"65180";"72540";"70068";"77980";"1488";"1500";"1600";"1612";"17";"3948337";"232255";"200000";"249086";"215000";"2864";"2923";"3067";"3142"
"Piana";"2A212";"9";"1539450";"171050";"60000";"183879";"64500";"2101";"1500";"2259";"1612";"6";"283500";"47250";"50000";"50794";"53750";"1013";"1082";"1088";"1163";"3";"1255950";"418650";"300000";"450049";"322500";"4279";"4900";"4600";"5268"
"Pianello";"2B213";"1";"120000";"120000";"120000";"129000";"129000";"857";"857";"921";"921";NA;NA;NA;NA;NA;NA;NA;NA;NA;NA;"1";"120000";"120000";"120000";"129000";"129000";"857";"857";"921";"921"
"Piano";"2B214";"1";"222800";"222800";"222800";"239510";"239510";"2621";"2621";"2818";"2818";NA;NA;NA;NA;NA;NA;NA;NA;NA;NA;"1";"222800";"222800";"222800";"239510";"239510";"2621";"2621";"2818";"2818"
"Pianottoli-Caldarello";"2A215";"26";"22044850";"847879";"374000";"911470";"402050";"6602";"3674";"7097";"3950";"4";"407500";"101875";"112500";"109516";"120938";"1970";"2188";"2118";"2352";"22";"21637350";"983516";"465000";"1057280";"499875";"7444";"4376";"8003";"4704"
"Piazzole";"2B217";"2";"175000";"87500";"87500";"94062";"94062";"721";"721";"775";"775";NA;NA;NA;NA;NA;NA;NA;NA;NA;NA;"2";"175000";"87500";"87500";"94062";"94062";"721";"721";"775";"775"
"Pie-d'Orezza";"2B222";"3";"150000";"50000";"55000";"53750";"59125";"1078";"1200";"1159";"1290";"1";"35000";"35000";"35000";"37625";"37625";"1346";"1346";"1447";"1447";"2";"115000";"57500";"57500";"61812";"61812";"944";"944";"1015";"1015"
"Piedicorte-di-Gaggio";"2B218";"4";"187500";"46875";"40000";"50391";"43000";"653";"596";"702";"641";"3";"137500";"45833";"30000";"49271";"32250";"567";"283";"610";"304";"1";"50000";"50000";"50000";"53750";"53750";"909";"909";"977";"977"
"Piedicroce";"2B219";"1";"75000";"75000";"75000";"80625";"80625";"806";"806";"867";"867";NA;NA;NA;NA;NA;NA;NA;NA;NA;NA;"1";"75000";"75000";"75000";"80625";"80625";"806";"806";"867";"867"
"Piedigriggio";"2B220";"2";"225450";"112725";"112725";"121179";"121179";"634";"634";"681";"681";NA;NA;NA;NA;NA;NA;NA;NA;NA;NA;"2";"225450";"112725";"112725";"121179";"121179";"634";"634";"681";"681"
"Pietra-di-Verde";"2B225";"7";"617990";"88284";"67990";"94906";"73089";"1360";"1909";"1462";"2052";"4";"275000";"68750";"75000";"73906";"80625";"1572";"1977";"1690";"2126";"3";"342990";"114330";"67990";"122905";"73089";"1077";"872";"1158";"937"
"Pietracorbara";"2B224";"40";"9349873";"233747";"220250";"251278";"236769";"3169";"3199";"3406";"3439";"9";"1133826";"125981";"134000";"135429";"144050";"2909";"2857";"3127";"3071";"31";"8216047";"265034";"229450";"284911";"246659";"3244";"3297";"3487";"3544"
"Pietralba";"2B223";"7";"369000";"52714";"40000";"56668";"43000";"1013";"720";"1089";"774";"5";"213000";"42600";"40000";"45795";"43000";"809";"714";"870";"768";"2";"156000";"78000";"78000";"83850";"83850";"1522";"1522";"1636";"1636"
"Pietraserena";"2B226";"7";"598000";"85429";"40000";"91836";"43000";"956";"714";"1028";"768";"4";"248000";"62000";"35000";"66650";"37625";"692";"635";"744";"683";"3";"350000";"116667";"140000";"125417";"150500";"1308";"1346";"1407";"1447"
"Pietricaggio";"2B227";"1";"66000";"66000";"66000";"70950";"70950";"1048";"1048";"1126";"1126";NA;NA;NA;NA;NA;NA;NA;NA;NA;NA;"1";"66000";"66000";"66000";"70950";"70950";"1048";"1048";"1126";"1126"
"Pietrosella";"2A228";"132";"71524242";"541850";"389385";"581145";"415901";"5945";"5170";"6370";"5558";"42";"9849063";"234502";"232410";"252089";"249841";"5114";"5070";"5498";"5450";"80";"59052019";"738150";"535900";"792933";"576092";"6514";"5239";"6998";"5632"
"Pietroso";"2B229";"8";"1585600";"198200";"210000";"213065";"225750";"2158";"2149";"2320";"2310";"1";"76000";"76000";"76000";"81700";"81700";"1727";"1727";"1857";"1857";"7";"1509600";"215657";"220000";"231831";"236500";"2220";"2222";"2386";"2389"
"Piève";"2B230";"5";"820320";"164064";"91000";"176369";"97825";"2129";"1867";"2289";"2007";"1";"91000";"91000";"91000";"97825";"97825";"1857";"1857";"1996";"1996";"4";"729320";"182330";"93600";"196005";"100620";"2197";"2236";"2362";"2403"
"Pigna";"2B231";"3";"1021430";"340477";"300000";"361012";"307500";"6832";"7500";"7278";"8062";"2";"721430";"360715";"360715";"387769";"387769";"8274";"8274";"8894";"8894";"1";"300000";"300000";"300000";"307500";"307500";"3947";"3947";"4046";"4046"
"Pila-Canale";"2A232";"8";"1692500";"211562";"180000";"227430";"193500";"2040";"1918";"2193";"2062";"1";"42000";"42000";"42000";"45150";"45150";"1167";"1167";"1254";"1254";"7";"1650500";"235786";"200000";"253470";"215000";"2165";"2050";"2328";"2204"
"Pino";"2B233";"7";"1805710";"257959";"70000";"277305";"75250";"3789";"1167";"4073";"1254";"3";"99000";"33000";"35000";"35475";"37625";"751";"952";"807";"1024";"4";"1706710";"426678";"418355";"458678";"449732";"6068";"7198";"6523";"7737"
"Piobetta";"2B234";"1";"150000";"150000";"150000";"161250";"161250";"2143";"2143";"2304";"2304";NA;NA;NA;NA;NA;NA;NA;NA;NA;NA;"1";"150000";"150000";"150000";"161250";"161250";"2143";"2143";"2304";"2304"
"Pioggiola";"2B235";"4";"336000";"84000";"67500";"90300";"72562";"1254";"1233";"1349";"1326";"2";"121000";"60500";"60500";"65038";"65038";"953";"953";"1025";"1025";"2";"215000";"107500";"107500";"115562";"115562";"1556";"1556";"1672";"1672"
"Poggio-d'Oletta";"2B239";"5";"1628600";"325720";"260200";"350149";"279715";"4026";"3049";"4328";"3278";NA;NA;NA;NA;NA;NA;NA;NA;NA;NA;"5";"1628600";"325720";"260200";"350149";"279715";"4026";"3049";"4328";"3278"
"Poggio-di-Nazza";"2B236";"10";"495600";"49560";"47000";"53277";"50525";"793";"661";"853";"710";"7";"321600";"45943";"20000";"49389";"21500";"661";"308";"711";"331";"3";"174000";"58000";"60000";"62350";"64500";"1101";"1250";"1184";"1344"
"Poggio-di-Venaco";"2B238";"3";"306700";"102233";"41500";"109901";"44612";"1106";"922";"1189";"991";"2";"56500";"28250";"28250";"30369";"30369";"878";"878";"944";"944";"1";"250200";"250200";"250200";"268965";"268965";"1564";"1564";"1681";"1681"
"Poggio-Marinaccio";"2B241";"1";"225000";"225000";"225000";"241875";"241875";"2616";"2616";"2812";"2812";NA;NA;NA;NA;NA;NA;NA;NA;NA;NA;"1";"225000";"225000";"225000";"241875";"241875";"2616";"2616";"2812";"2812"
"Poggio-Mezzana";"2B242";"93";"13001447";"139801";"120000";"150231";"129000";"2772";"2769";"2979";"2977";"16";"1814650";"113416";"121850";"121922";"130989";"2643";"2711";"2842";"2914";"77";"11186797";"145283";"120000";"156113";"129000";"2799";"2816";"3008";"3027"
"Poggiolo";"2A240";"6";"253500";"42250";"23750";"45419";"25531";"791";"383";"850";"412";"1";"22500";"22500";"22500";"24188";"24188";"489";"489";"526";"526";"5";"231000";"46200";"25000";"49665";"26875";"851";"278";"915";"299"
"Polveroso";"2B243";"1";"32900";"32900";"32900";"35368";"35368";"1219";"1219";"1310";"1310";NA;NA;NA;NA;NA;NA;NA;NA;NA;NA;"1";"32900";"32900";"32900";"35368";"35368";"1219";"1219";"1310";"1310"
"Popolasca";"2B244";"4";"534000";"133500";"133000";"143512";"142975";"1426";"1138";"1533";"1223";NA;NA;NA;NA;NA;NA;NA;NA;NA;NA;"4";"534000";"133500";"133000";"143512";"142975";"1426";"1138";"1533";"1223"
"Porri";"2B245";"3";"219025";"73008";"50000";"78484";"53750";"1164";"926";"1252";"995";NA;NA;NA;NA;NA;NA;NA;NA;NA;NA;"3";"219025";"73008";"50000";"78484";"53750";"1164";"926";"1252";"995"
"Porto-Vecchio";"2A247";"710";"331162031";"466425";"300000";"500517";"322500";"5013";"4302";"5379";"4603";"302";"71079034";"235361";"215625";"253013";"231797";"4297";"4037";"4619";"4339";"388";"253527192";"653421";"407500";"701642";"438062";"5582";"4502";"5996";"4840"
"Propriano";"2A249";"268";"61160445";"228211";"200000";"245190";"215000";"3646";"3642";"3918";"3911";"226";"46083419";"203909";"190000";"219202";"204250";"3629";"3642";"3901";"3916";"39";"14345076";"367822";"378680";"395409";"407081";"3802";"3500";"4087";"3762"
"Prunelli-di-Casacconi";"2B250";"7";"738500";"105500";"97500";"113412";"104812";"1203";"1413";"1293";"1519";"3";"279500";"93167";"97500";"100154";"104812";"1354";"1413";"1456";"1519";"4";"459000";"114750";"125500";"123356";"134912";"1089";"1427";"1171";"1534"
"Prunelli-di-Fiumorbo";"2B251";"120";"25432633";"211939";"215000";"227231";"231125";"2360";"2379";"2531";"2536";"23";"2414018";"104957";"95000";"112829";"102125";"1840";"1707";"1978";"1835";"96";"22906315";"238607";"249500";"255807";"265525";"2481";"2454";"2661";"2622"
"Pruno";"2B252";"8";"455825";"56978";"49412";"61251";"53118";"1031";"778";"1108";"836";"3";"138825";"46275";"48825";"49746";"52487";"1241";"781";"1334";"840";"5";"317000";"63400";"50000";"68155";"53750";"904";"625";"972";"672"
"Quasquara";"2A253";"3";"183000";"61000";"2000";"65575";"2150";"550";"100";"591";"108";"2";"3000";"1500";"1500";"1612";"1612";"75";"75";"81";"81";"1";"180000";"180000";"180000";"193500";"193500";"1500";"1500";"1612";"1612"
"Quenza";"2A254";"20";"2119759";"105988";"52850";"113912";"56814";"1632";"1418";"1755";"1524";"3";"57500";"19167";"13500";"20604";"14512";"335";"300";"360";"322";"17";"2062259";"121309";"76654";"130378";"82403";"1861";"1600";"2001";"1720"
"Quercitello";"2B255";"2";"130000";"65000";"65000";"69875";"69875";"1082";"1082";"1163";"1163";"1";"70000";"70000";"70000";"75250";"75250";"1458";"1458";"1568";"1568";"1";"60000";"60000";"60000";"64500";"64500";"706";"706";"759";"759"
"Rapaggio";"2B256";"1";"33000";"33000";"33000";"35475";"35475";"750";"750";"806";"806";NA;NA;NA;NA;NA;NA;NA;NA;NA;NA;"1";"33000";"33000";"33000";"35475";"35475";"750";"750";"806";"806"
"Rapale";"2B257";"12";"1791974";"149331";"94412";"160323";"101493";"2163";"2063";"2323";"2218";"3";"213824";"71274";"75000";"76620";"80625";"1802";"1626";"1938";"1748";"9";"1578150";"175350";"164000";"188223";"176300";"2283";"2400";"2451";"2580"
"Renno";"2A258";"12";"775800";"64650";"38100";"69499";"40958";"1200";"836";"1290";"898";"5";"103100";"20620";"22000";"22166";"23650";"506";"450";"543";"484";"7";"672700";"96100";"100000";"103308";"107500";"1696";"1905";"1823";"2048"
"Rezza";"2A259";"6";"424226";"70704";"51513";"76007";"55376";"950";"832";"1022";"894";NA;NA;NA;NA;NA;NA;NA;NA;NA;NA;"6";"424226";"70704";"51513";"76007";"55376";"950";"832";"1022";"894"
"Riventosa";"2B260";"6";"428800";"71467";"35000";"76827";"37625";"932";"841";"1002";"904";"3";"20300";"6767";"6300";"7274";"6772";"503";"394";"540";"423";"3";"408500";"136167";"143500";"146379";"154262";"1361";"1196";"1463";"1286"
"Rogliano";"2B261";"36";"6842540";"190071";"162500";"204326";"174688";"2514";"2243";"2702";"2411";"10";"1220000";"122000";"108000";"131150";"116100";"2729";"2410";"2933";"2591";"26";"5622540";"216252";"189150";"232470";"203336";"2431";"2160";"2613";"2322"
"Rosazia";"2A262";"6";"351855";"58642";"63928";"63041";"68722";"921";"1012";"990";"1088";"1";"31000";"31000";"31000";"33325";"33325";"861";"861";"926";"926";"5";"320855";"64171";"67855";"68984";"72944";"933";"1094";"1003";"1177"
"Rospigliani";"2B263";"4";"128215";"32054";"17308";"34458";"18606";"836";"576";"899";"620";"1";"83600";"83600";"83600";"89870";"89870";"1858";"1858";"1997";"1997";"3";"44615";"14872";"15265";"15987";"16410";"495";"436";"533";"469"
"Rusio";"2B264";"1";"100000";"100000";"100000";"107500";"107500";"909";"909";"977";"977";NA;NA;NA;NA;NA;NA;NA;NA;NA;NA;"1";"100000";"100000";"100000";"107500";"107500";"909";"909";"977";"977"
"Rutali";"2B265";"12";"2153315";"179443";"167500";"192901";"180062";"2080";"2167";"2236";"2329";"2";"360000";"180000";"180000";"193500";"193500";"2031";"2031";"2183";"2183";"10";"1793315";"179332";"167500";"192781";"180062";"2090";"2167";"2247";"2329"
"Saint-Florent";"2B298";"103";"33827445";"328422";"236000";"352869";"253700";"4399";"4167";"4726";"4479";"79";"17354420";"219676";"210000";"236152";"225750";"3798";"3691";"4083";"3968";"23";"16093025";"699697";"582800";"752174";"626510";"6396";"5115";"6876";"5499"
"Sainte-Lucie-de-Tallano";"2A308";"16";"1812266";"113267";"85000";"121762";"91375";"1528";"1387";"1643";"1491";"4";"402157";"100539";"106500";"108080";"114488";"1636";"1612";"1759";"1733";"12";"1410109";"117509";"80000";"126322";"86000";"1492";"1161";"1604";"1248"
"Salice";"2A266";"4";"203900";"50975";"50750";"54798";"54556";"896";"891";"964";"957";NA;NA;NA;NA;NA;NA;NA;NA;NA;NA;"4";"203900";"50975";"50750";"54798";"54556";"896";"891";"964";"957"
"Saliceto";"2B267";"1";"40000";"40000";"40000";"43000";"43000";"444";"444";"478";"478";NA;NA;NA;NA;NA;NA;NA;NA;NA;NA;"1";"40000";"40000";"40000";"43000";"43000";"444";"444";"478";"478"
"Sampolo";"2A268";"2";"35000";"17500";"17500";"18812";"18812";"257";"257";"276";"276";"1";"30000";"30000";"30000";"32250";"32250";"375";"375";"403";"403";"1";"5000";"5000";"5000";"5375";"5375";"139";"139";"149";"149"
"San-Damiano";"2B297";"1";"262000";"262000";"262000";"281650";"281650";"3493";"3493";"3755";"3755";NA;NA;NA;NA;NA;NA;NA;NA;NA;NA;"1";"262000";"262000";"262000";"281650";"281650";"3493";"3493";"3755";"3755"
"San-Gavino-d'Ampugnani";"2B299";"2";"345000";"172500";"172500";"185438";"185438";"1528";"1528";"1643";"1643";NA;NA;NA;NA;NA;NA;NA;NA;NA;NA;"2";"345000";"172500";"172500";"185438";"185438";"1528";"1528";"1643";"1643"
"San-Gavino-di-Carbini";"2A300";"33";"12671321";"383979";"300000";"412778";"322500";"3682";"3692";"3958";"3969";"2";"178500";"89250";"89250";"95944";"95944";"1489";"1489";"1600";"1600";"31";"12492821";"402994";"324880";"433219";"349246";"3823";"3800";"4110";"4085"
"San-Gavino-di-Fiumorbo";"2B365";"2";"198000";"99000";"99000";"106425";"106425";"1279";"1279";"1375";"1375";NA;NA;NA;NA;NA;NA;NA;NA;NA;NA;"2";"198000";"99000";"99000";"106425";"106425";"1279";"1279";"1375";"1375"
"San-Gavino-di-Tenda";"2B301";"1";"135000";"135000";"135000";"145125";"145125";"1452";"1452";"1560";"1560";NA;NA;NA;NA;NA;NA;NA;NA;NA;NA;"1";"135000";"135000";"135000";"145125";"145125";"1452";"1452";"1560";"1560"
"San-Giovanni-di-Moriani";"2B302";"6";"796105";"132684";"89052";"142635";"95731";"1618";"1397";"1739";"1502";"2";"85000";"42500";"42500";"45688";"45688";"622";"622";"668";"668";"4";"711105";"177776";"174552";"191109";"187644";"2116";"2066";"2274";"2221"
"San-Giuliano";"2B303";"15";"2816900";"187793";"160000";"201878";"172000";"2584";"2121";"2778";"2280";"3";"299000";"99667";"124000";"107142";"133300";"1755";"2286";"1887";"2457";"12";"2517900";"209825";"202500";"225562";"217688";"2791";"1936";"3000";"2081"
"San-Lorenzo";"2B304";"4";"201000";"50250";"52500";"54019";"56438";"468";"493";"503";"530";"1";"26000";"26000";"26000";"27950";"27950";"173";"173";"186";"186";"3";"175000";"58333";"55000";"62708";"59125";"566";"680";"609";"731"
"San-Martino-di-Lota";"2B305";"124";"31597667";"254820";"225021";"273931";"241898";"3180";"2970";"3418";"3193";"93";"19829136";"213217";"205000";"229208";"220375";"2977";"2824";"3201";"3035";"31";"11768531";"379630";"346190";"408102";"372154";"3788";"3810";"4072";"4096"
"San-Nicolao";"2B313";"240";"29678506";"123660";"105000";"132785";"112875";"2460";"2466";"2642";"2650";"189";"20031749";"105988";"100000";"113937";"107500";"2439";"2456";"2622";"2640";"49";"9192257";"187597";"175000";"201396";"188125";"2519";"2500";"2705";"2688"
"Sant'Andréa-d'Orcino";"2A295";"6";"1252838";"208806";"121930";"223685";"129000";"1882";"1118";"2016";"1202";"1";"90000";"90000";"90000";"96750";"96750";"1286";"1286";"1382";"1382";"5";"1162838";"232568";"150000";"249072";"161250";"2002";"950";"2143";"1021"
"Sant'Andréa-di-Bozio";"2B292";"5";"255400";"51080";"39900";"54911";"42892";"805";"756";"866";"812";NA;NA;NA;NA;NA;NA;NA;NA;NA;NA;"5";"255400";"51080";"39900";"54911";"42892";"805";"756";"866";"812"
"Sant'Andréa-di-Cotone";"2B293";"13";"2126724";"163594";"123000";"175864";"132225";"1658";"1636";"1783";"1759";"3";"207200";"69067";"50000";"74247";"53750";"1136";"1190";"1222";"1280";"10";"1919524";"191952";"151500";"206349";"162862";"1815";"1863";"1951";"2003"
"Sant'Antonino";"2B296";"1";"65000";"65000";"65000";"69875";"69875";"1757";"1757";"1889";"1889";NA;NA;NA;NA;NA;NA;NA;NA;NA;NA;"1";"65000";"65000";"65000";"69875";"69875";"1757";"1757";"1889";"1889"
"Santa-Lucia-di-Mercurio";"2B306";"3";"121500";"40500";"40000";"43538";"43000";"648";"667";"697";"717";"1";"40000";"40000";"40000";"43000";"43000";"667";"667";"717";"717";"2";"81500";"40750";"40750";"43806";"43806";"639";"639";"687";"687"
"Santa-Lucia-di-Moriani";"2B307";"108";"18674723";"172914";"151055";"185307";"162384";"2520";"2557";"2704";"2728";"55";"6009189";"109258";"95000";"117452";"102125";"2510";"2558";"2698";"2750";"53";"12665534";"238972";"240000";"255721";"258000";"2532";"2500";"2710";"2662"
"Santa-Maria-di-Lota";"2B309";"64";"22689888";"354530";"223000";"380947";"239188";"3109";"2792";"3340";"3002";"31";"4750120";"153230";"155000";"164722";"166625";"2316";"2247";"2490";"2416";"32";"17718768";"553712";"455000";"595240";"489125";"3879";"3496";"4170";"3758"
"Santa-Maria-Figaniella";"2A310";"1";"115000";"115000";"115000";"123625";"123625";"1438";"1438";"1545";"1545";NA;NA;NA;NA;NA;NA;NA;NA;NA;NA;"1";"115000";"115000";"115000";"123625";"123625";"1438";"1438";"1545";"1545"
"Santa-Maria-Poggio";"2B311";"53";"10487463";"197877";"164900";"211308";"177268";"3092";"3054";"3309";"3181";"6";"988444";"164741";"174622";"177096";"187718";"2943";"2848";"3163";"3062";"46";"9319020";"202587";"163750";"216353";"176031";"3135";"3252";"3355";"3496"
"Santa-Maria-Siché";"2A312";"19";"3338700";"175721";"140000";"188900";"150500";"1961";"1942";"2108";"2087";"9";"1094800";"121644";"110000";"130768";"118250";"1642";"1158";"1765";"1245";"10";"2243900";"224390";"253500";"241219";"272512";"2249";"2248";"2418";"2417"
"Santa-Reparata-di-Balagna";"2B316";"37";"13360838";"361104";"315000";"388187";"338625";"3918";"3898";"4212";"4190";"18";"4694994";"260833";"284845";"280395";"306208";"3478";"3478";"3739";"3739";"19";"8665844";"456097";"427600";"490304";"459670";"4336";"4011";"4661";"4312"
"Santa-Reparata-di-Moriani";"2B317";"3";"163000";"54333";"30000";"58408";"32250";"665";"219";"714";"235";NA;NA;NA;NA;NA;NA;NA;NA;NA;NA;"3";"163000";"54333";"30000";"58408";"32250";"665";"219";"714";"235"
"Santo-Pietro-di-Tenda";"2B314";"16";"3487420";"217964";"97400";"234217";"104705";"4858";"2040";"5221";"2193";NA;NA;NA;NA;NA;NA;NA;NA;NA;NA;"16";"3487420";"217964";"97400";"234217";"104705";"4858";"2040";"5221";"2193"
"Santo-Pietro-di-Venaco";"2B315";"2";"525000";"262500";"262500";"282188";"282188";"2223";"2223";"2390";"2390";NA;NA;NA;NA;NA;NA;NA;NA;NA;NA;"2";"525000";"262500";"262500";"282188";"282188";"2223";"2223";"2390";"2390"
"Sari-d'Orcino";"2A270";"7";"1431418";"204488";"176000";"219825";"189200";"2306";"2167";"2479";"2329";NA;NA;NA;NA;NA;NA;NA;NA;NA;NA;"7";"1431418";"204488";"176000";"219825";"189200";"2306";"2167";"2479";"2329"
"Sari-Solenzara";"2A269";"122";"39605230";"324633";"216655";"346730";"232904";"3882";"3527";"4144";"3792";"72";"14396126";"199946";"185000";"214942";"198875";"3216";"2955";"3457";"3177";"38";"19717531";"518882";"414425";"557799";"445507";"4503";"3870";"4841";"4160"
"Sarrola-Carcopino";"2A271";"160";"36879055";"230494";"205500";"247585";"220912";"3163";"3059";"3398";"3288";"112";"20209530";"180442";"189750";"193975";"203981";"3008";"2990";"3233";"3214";"48";"16669525";"347282";"345488";"372673";"371399";"3525";"3702";"3783";"3980"
"Sartène";"2A272";"140";"33744136";"241030";"150000";"259107";"161250";"2962";"2218";"3184";"2385";"84";"9997265";"119015";"99000";"127941";"106425";"1883";"1773";"2024";"1906";"56";"23746871";"424051";"357188";"455855";"383977";"4581";"3594";"4924";"3864"
"Scolca";"2B274";"4";"331000";"82750";"86500";"88956";"92988";"1417";"1582";"1523";"1700";"2";"118000";"59000";"59000";"63425";"63425";"1252";"1252";"1346";"1346";"2";"213000";"106500";"106500";"114488";"114488";"1582";"1582";"1700";"1700"
"Serra-di-Ferro";"2A276";"40";"13405511";"335138";"259700";"360273";"279178";"4560";"4332";"4902";"4657";"22";"4713958";"214271";"184000";"230341";"197800";"4462";"4230";"4796";"4547";"18";"8691553";"482864";"380000";"519079";"408500";"4680";"4332";"5031";"4657"
"Serra-di-Fiumorbo";"2B277";"8";"1096130";"137016";"140000";"147292";"150500";"1836";"1607";"1974";"1728";"1";"17500";"17500";"17500";"18812";"18812";"583";"583";"627";"627";"7";"1078630";"154090";"180000";"165647";"193500";"2015";"1652";"2167";"1776"
"Serra-di-Scopamène";"2A278";"8";"748000";"93500";"77500";"100512";"83312";"1152";"1150";"1239";"1236";"4";"186000";"46500";"40500";"49988";"43538";"971";"1125";"1044";"1209";"4";"562000";"140500";"151000";"151038";"162325";"1333";"1167";"1433";"1254"
"Serriera";"2A279";"1";"120000";"120000";"120000";"129000";"129000";"2667";"2667";"2867";"2867";"1";"120000";"120000";"120000";"129000";"129000";"2667";"2667";"2867";"2867";NA;NA;NA;NA;NA;NA;NA;NA;NA;NA
"Silvareccio";"2B280";"6";"431000";"71833";"70000";"77221";"75250";"1416";"1139";"1522";"1224";"2";"110000";"55000";"55000";"59125";"59125";"1400";"1400";"1505";"1505";"4";"321000";"80250";"75000";"86269";"80625";"1424";"1139";"1531";"1224"
"Sisco";"2B281";"50";"10998278";"219966";"222800";"235934";"239510";"2875";"2643";"3087";"2841";"14";"1975300";"141093";"102500";"151675";"110188";"2621";"2545";"2818";"2736";"36";"9022978";"250638";"246160";"268701";"262300";"2974";"2715";"3192";"2918"
"Soccia";"2A282";"9";"882300";"98033";"118800";"105386";"127710";"1733";"1627";"1863";"1749";"5";"465300";"93060";"118800";"100040";"127710";"1488";"1627";"1599";"1749";"4";"417000";"104250";"110000";"112069";"118250";"2039";"1511";"2192";"1625"
"Solaro";"2B283";"31";"8647825";"278962";"270000";"299323";"290250";"2929";"2968";"3142";"3190";"2";"351200";"175600";"175600";"188770";"188770";"3733";"3733";"4012";"4012";"29";"8296625";"286091";"282030";"306947";"303182";"2873";"2872";"3082";"3088"
"Sollacaro";"2A284";"15";"2993850";"199590";"200000";"214559";"215000";"2219";"2056";"2385";"2210";"5";"394000";"78800";"30000";"84710";"32250";"1038";"952";"1116";"1024";"10";"2599850";"259985";"229125";"279484";"246309";"2809";"2971";"3020";"3193"
"Sorbo-Ocagnano";"2B286";"22";"5165178";"234781";"197125";"252035";"211909";"3152";"1943";"3385";"2088";"5";"571000";"114200";"65000";"122765";"69875";"1954";"1163";"2100";"1250";"17";"4594178";"270246";"220000";"290056";"236500";"3504";"2000";"3763";"2150"
"Sorbollano";"2A285";"4";"275000";"68750";"59000";"73906";"63425";"930";"885";"1000";"951";NA;NA;NA;NA;NA;NA;NA;NA;NA;NA;"4";"275000";"68750";"59000";"73906";"63425";"930";"885";"1000";"951"
"Sorio";"2B287";"11";"1135750";"103250";"90000";"110994";"96750";"1994";"2000";"2143";"2150";NA;NA;NA;NA;NA;NA;NA;NA;NA;NA;"11";"1135750";"103250";"90000";"110994";"96750";"1994";"2000";"2143";"2150"
"Sotta";"2A288";"51";"12408132";"243297";"196000";"261160";"201186";"2828";"2528";"3033";"2718";"14";"2008372";"143455";"124302";"154214";"133625";"2296";"2407";"2468";"2587";"36";"10203760";"283438";"247980";"304423";"266578";"2995";"2676";"3215";"2876"
"Soveria";"2B289";"1";"53000";"53000";"53000";"56975";"56975";"1893";"1893";"2035";"2035";NA;NA;NA;NA;NA;NA;NA;NA;NA;NA;"1";"53000";"53000";"53000";"56975";"56975";"1893";"1893";"2035";"2035"
"Speloncato";"2B290";"6";"960000";"160000";"149000";"172000";"160175";"3630";"2488";"3902";"2674";"4";"573000";"143250";"149000";"153994";"160175";"4354";"4207";"4680";"4523";"2";"387000";"193500";"193500";"208012";"208012";"2182";"2182";"2345";"2345"
"Stazzona";"2B291";"2";"55394";"27697";"27697";"29774";"29774";"624";"624";"671";"671";"1";"20000";"20000";"20000";"21500";"21500";"541";"541";"581";"581";"1";"35394";"35394";"35394";"38048";"38048";"708";"708";"761";"761"
"Taglio-Isolaccio";"2B318";"15";"4662347";"310823";"145000";"333892";"155875";"3267";"3043";"3508";"3272";"4";"421730";"105432";"97365";"113340";"104667";"2314";"2318";"2487";"2492";"11";"4240617";"385511";"350000";"414092";"376250";"3613";"3044";"3879";"3272"
"Talasani";"2B319";"10";"2346196";"234620";"284163";"252216";"305475";"2322";"2288";"2497";"2460";"2";"215000";"107500";"107500";"115562";"115562";"1703";"1703";"1831";"1831";"8";"2131196";"266400";"284663";"286379";"306013";"2477";"2508";"2663";"2696"
"Tallone";"2B320";"7";"1244562";"177795";"199850";"191129";"214839";"2033";"2128";"2186";"2287";"1";"43000";"43000";"43000";"46225";"46225";"729";"729";"783";"783";"6";"1201562";"200260";"204825";"215280";"220187";"2251";"2270";"2420";"2440"
"Tarrano";"2B321";"2";"18530";"9265";"9265";"9960";"9960";"116";"116";"124";"124";NA;NA;NA;NA;NA;NA;NA;NA;NA;NA;"2";"18530";"9265";"9265";"9960";"9960";"116";"116";"124";"124"
"Tasso";"2A322";"5";"256900";"51380";"21900";"55234";"23542";"1179";"1095";"1268";"1177";"1";"21900";"21900";"21900";"23542";"23542";"1095";"1095";"1177";"1177";"4";"235000";"58750";"22500";"63156";"24188";"1200";"1151";"1290";"1237"
"Tavaco";"2A323";"14";"4447076";"317648";"333575";"341472";"358593";"2870";"2886";"3086";"3103";NA;NA;NA;NA;NA;NA;NA;NA;NA;NA;"14";"4447076";"317648";"333575";"341472";"358593";"2870";"2886";"3086";"3103"
"Tavera";"2A324";"16";"2497003";"156063";"120000";"167767";"129000";"1882";"1827";"2023";"1964";"6";"735858";"122643";"120000";"131841";"129000";"1903";"1846";"2046";"1985";"10";"1761145";"176114";"117322";"189323";"126122";"1869";"1761";"2009";"1893"
"Tolla";"2A326";"8";"620501";"77563";"52500";"83380";"56438";"2639";"1631";"2836";"1753";"4";"176501";"44125";"47300";"47435";"50848";"1095";"1220";"1177";"1311";"4";"444000";"111000";"105000";"119325";"112875";"4182";"3902";"4496";"4194"
"Tomino";"2B327";"10";"2132980";"213298";"175000";"229295";"188125";"4731";"2591";"5085";"2786";"4";"1077000";"269250";"208500";"289444";"224138";"8197";"2994";"8812";"3219";"6";"1055980";"175997";"152500";"189196";"163938";"2420";"2322";"2601";"2496"
"Tox";"2B328";"7";"302000";"43143";"15000";"46379";"16125";"882";"600";"948";"645";"5";"207000";"41400";"15000";"44505";"16125";"893";"500";"959";"538";"2";"95000";"47500";"47500";"51062";"51062";"856";"856";"920";"920"
"Tralonca";"2B329";"1";"65000";"65000";"65000";"69875";"69875";"1083";"1083";"1165";"1165";NA;NA;NA;NA;NA;NA;NA;NA;NA;NA;"1";"65000";"65000";"65000";"69875";"69875";"1083";"1083";"1165";"1165"
"Ucciani";"2A330";"16";"1934864";"120929";"98000";"129999";"105350";"1724";"1611";"1853";"1732";"5";"311600";"62320";"15000";"66994";"16125";"762";"556";"819";"597";"11";"1623264";"147569";"106000";"158637";"113950";"2161";"2353";"2323";"2529"
"Urbalacone";"2A331";"3";"493500";"164500";"170000";"176838";"182750";"1805";"1828";"1940";"1965";"1";"140500";"140500";"140500";"151038";"151038";"1756";"1756";"1888";"1888";"2";"353000";"176500";"176500";"189738";"189738";"1829";"1829";"1966";"1966"
"Urtaca";"2B332";"8";"991500";"123938";"77500";"133233";"83312";"2660";"2457";"2860";"2641";"3";"300000";"100000";"70000";"107500";"75250";"2539";"2414";"2729";"2595";"5";"691500";"138300";"79000";"148672";"84925";"2733";"2500";"2938";"2688"
"Valle-d'Alesani";"2B334";"2";"90500";"45250";"45250";"48644";"48644";"939";"939";"1009";"1009";NA;NA;NA;NA;NA;NA;NA;NA;NA;NA;"2";"90500";"45250";"45250";"48644";"48644";"939";"939";"1009";"1009"
"Valle-di-Campoloro";"2B335";"3";"455000";"151667";"90000";"163042";"96750";"2243";"2250";"2412";"2419";NA;NA;NA;NA;NA;NA;NA;NA;NA;NA;"3";"455000";"151667";"90000";"163042";"96750";"2243";"2250";"2412";"2419"
"Valle-di-Mezzana";"2A336";"12";"3550193";"295849";"348830";"318038";"374992";"2887";"3171";"3103";"3409";"1";"5000";"5000";"5000";"5375";"5375";"128";"128";"138";"138";"11";"3545193";"322290";"355970";"346462";"382668";"3137";"3250";"3373";"3494"
"Valle-di-Rostino";"2B337";"1";"410132";"410132";"410132";"440892";"440892";"2182";"2182";"2345";"2345";NA;NA;NA;NA;NA;NA;NA;NA;NA;NA;"1";"410132";"410132";"410132";"440892";"440892";"2182";"2182";"2345";"2345"
"Vallecalle";"2B333";"6";"1562000";"260333";"180000";"279858";"193500";"2985";"2571";"3208";"2764";"1";"50000";"50000";"50000";"53750";"53750";"980";"980";"1054";"1054";"5";"1512000";"302400";"250000";"325080";"268750";"3385";"3571";"3639";"3839"
"Vallica";"2B339";"1";"175000";"175000";"175000";"188125";"188125";"1750";"1750";"1881";"1881";NA;NA;NA;NA;NA;NA;NA;NA;NA;NA;"1";"175000";"175000";"175000";"188125";"188125";"1750";"1750";"1881";"1881"
"Velone-Orneto";"2B340";"9";"1237330";"137481";"109110";"147792";"117293";"1677";"1442";"1803";"1550";"1";"35000";"35000";"35000";"37625";"37625";"921";"921";"990";"990";"8";"1202330";"150291";"114555";"161563";"123147";"1772";"1797";"1905";"1932"
"Venaco";"2B341";"36";"3102663";"86185";"74000";"92649";"79550";"1220";"1139";"1311";"1224";"22";"1392963";"63316";"64000";"68065";"68800";"1207";"1168";"1298";"1256";"14";"1709700";"122121";"133750";"131281";"143781";"1240";"1033";"1333";"1110"
"Ventiseri";"2B342";"44";"10249160";"232935";"242500";"250014";"260688";"2380";"2490";"2556";"2677";"5";"573420";"114684";"120000";"123285";"129000";"1967";"1863";"2115";"2003";"39";"9675740";"248096";"258200";"266261";"277565";"2433";"2606";"2612";"2802"
"Venzolasca";"2B343";"54";"9823225";"181912";"170000";"195276";"182750";"2277";"2357";"2446";"2534";"12";"987000";"82250";"72500";"88419";"77938";"1363";"1348";"1465";"1449";"42";"8836225";"210386";"194650";"225807";"209249";"2538";"2612";"2726";"2808"
"Verdèse";"2B344";"1";"146000";"146000";"146000";"156950";"156950";"6083";"6083";"6540";"6540";NA;NA;NA;NA;NA;NA;NA;NA;NA;NA;"1";"146000";"146000";"146000";"156950";"156950";"6083";"6083";"6540";"6540"
"Vero";"2A345";"16";"3986308";"249144";"278390";"267769";"299269";"2799";"3546";"3009";"3812";"3";"345780";"115260";"30000";"123904";"32250";"2065";"1167";"2220";"1254";"13";"3640528";"280041";"295500";"300969";"317662";"2969";"3660";"3191";"3935"
"Vescovato";"2B346";"78";"15280352";"195902";"180455";"210329";"193989";"2323";"2403";"2494";"2583";"31";"3166530";"102146";"99000";"109807";"106425";"1870";"2127";"2011";"2286";"47";"12113822";"257741";"263450";"276630";"282188";"2621";"2587";"2812";"2781"
"Vezzani";"2B347";"9";"867200";"96356";"105000";"103582";"112875";"1261";"1280";"1356";"1376";"5";"166000";"33200";"16000";"35690";"17200";"1024";"426";"1101";"457";"4";"701200";"175300";"175600";"188448";"188770";"1558";"1444";"1674";"1552"
"Vico";"2A348";"55";"15884946";"288817";"166275";"310478";"178746";"3833";"3546";"4121";"3812";"34";"4564186";"134241";"125703";"144309";"135130";"3000";"3358";"3225";"3610";"21";"11320760";"539084";"520000";"579515";"559000";"5182";"4860";"5571";"5224"
"Viggianello";"2A349";"36";"14124263";"392341";"361500";"420887";"388612";"4654";"3629";"4998";"3879";"4";"804220";"201055";"221500";"216134";"238112";"3278";"3461";"3524";"3721";"32";"13320043";"416251";"405000";"446481";"435375";"4826";"3679";"5182";"3901"
"Vignale";"2B350";"3";"102000";"34000";"25000";"36550";"26875";"444";"431";"477";"463";NA;NA;NA;NA;NA;NA;NA;NA;NA;NA;"3";"102000";"34000";"25000";"36550";"26875";"444";"431";"477";"463"
"Villanova";"2A351";"7";"2504480";"357783";"370000";"384617";"397750";"3544";"3625";"3809";"3897";NA;NA;NA;NA;NA;NA;NA;NA;NA;NA;"7";"2504480";"357783";"370000";"384617";"397750";"3544";"3625";"3809";"3897"
"Ville-di-Paraso";"2B352";"13";"2732078";"210160";"150725";"225922";"162029";"2207";"2177";"2372";"2341";"5";"697000";"139400";"123000";"149855";"132225";"2048";"2177";"2202";"2341";"8";"2035078";"254385";"215500";"273464";"231662";"2306";"2069";"2479";"2224"
"Ville-di-Pietrabugno";"2B353";"205";"49830189";"243074";"225000";"261243";"241875";"2879";"2903";"3094";"3120";"178";"39255507";"220537";"220000";"237077";"236500";"2829";"2901";"3041";"3118";"25";"10323182";"412927";"420000";"443897";"451500";"3312";"3020";"3560";"3246"
"Vivario";"2B354";"6";"708000";"118000";"105000";"126850";"112875";"1450";"1843";"1559";"1981";"2";"63000";"31500";"31500";"33862";"33862";"543";"543";"584";"584";"4";"645000";"161250";"132500";"173344";"142438";"1904";"1917";"2046";"2060"
"Volpajola";"2B355";"15";"2376470";"158431";"157000";"170314";"168775";"2166";"1900";"2328";"2042";"3";"230000";"76667";"70000";"82417";"75250";"2233";"1167";"2401";"1254";"12";"2146470";"178872";"209235";"192288";"224928";"2149";"2095";"2310";"2252"
"Zalana";"2B356";"7";"699000";"99857";"108500";"107346";"116638";"1232";"1000";"1324";"1075";"3";"238500";"79500";"80000";"85462";"86000";"912";"904";"981";"972";"4";"460500";"115125";"120000";"123759";"129000";"1472";"1633";"1582";"1756"
"Zérubia";"2A357";"8";"528900";"66112";"67350";"71071";"72401";"2039";"2322";"2192";"2496";"4";"156700";"39175";"38350";"42113";"41226";"1793";"1740";"1927";"1871";"4";"372200";"93050";"95000";"100029";"102125";"2285";"2322";"2456";"2496"
"Zicavo";"2A359";"8";"698000";"87250";"83500";"93794";"89762";"1421";"1339";"1527";"1439";"2";"182000";"91000";"91000";"97825";"97825";"1348";"1348";"1449";"1449";"6";"516000";"86000";"77500";"92450";"83312";"1445";"1170";"1553";"1257"
"Zigliara";"2A360";"6";"788500";"131417";"127500";"141273";"137062";"1830";"1805";"1968";"1940";NA;NA;NA;NA;NA;NA;NA;NA;NA;NA;"6";"788500";"131417";"127500";"141273";"137062";"1830";"1805";"1968";"1940"
"Zilia";"2B361";"14";"2756179";"196870";"196000";"211635";"210700";"2677";"2586";"2877";"2780";"3";"304179";"101393";"85000";"108997";"91375";"2833";"1417";"3045";"1523";"11";"2452000";"222909";"235000";"239627";"252625";"2634";"2625";"2832";"2822"
"Zonza";"2A362";"259";"151886656";"586435";"395000";"629792";"424625";"5022";"4742";"5393";"5098";"58";"11347817";"195652";"154000";"210326";"165550";"3916";"3660";"4209";"3934";"200";"140309388";"701547";"519400";"753410";"558355";"5350";"5018";"5745";"5395"
"Zoza";"2A363";"4";"486250";"121562";"115000";"130680";"123625";"1806";"1502";"1941";"1615";"1";"70000";"70000";"70000";"75250";"75250";"1273";"1273";"1368";"1368";"3";"416250";"138750";"160000";"149156";"172000";"1983";"1562";"2132";"1680"
"Zuani";"2B364";"2";"148000";"74000";"74000";"79550";"79550";"1268";"1268";"1363";"1363";"2";"148000";"74000";"74000";"79550";"79550";"1268";"1268";"1363";"1363";NA;NA;NA;NA;NA;NA;NA;NA;NA;NA
